{
  "title": "CoDialogues — RepTag-Weighted Public Debate Arenas",
  "summary": "Open debate arenas where arguments are structured, citations checked via CiviProof, and participation weight is modulated by RepTag/MeritRank.",
  "rationale": "Turns 'argue world fixing' into a formal input channel producing artifacts, not heat.",
  "impact": "Improves discourse quality and surfaces high-signal proposals for IdeaForge.",
  "dependencies": [
    "IdeaForge",
    "RepTag",
    "MeritRank",
    "CiviProof"
  ],
  "tags": [
    "debate",
    "governance",
    "rep-weight",
    "citations"
  ],
  "sensitivity": "public",
  "source_session": "CoCivium Idea Scratchpad",
  "capability_handles": [
    "cap.debate.arena",
    "cap.rep.weight",
    "cap.citations.verify"
  ]
}