{
  "transcripts\\session.md": {
    "sha256": "db2b5c58690a93633696bf2001b7299c2819d25c24f4b899e7bf04de72bb9815"
  },
  "payload\\diagrams\\samples\\hello.json": {
    "sha256": "8fef2c3f2c66cd9eea7e41e44979c3c4b6a1e2e8295227ec3aea357d7dac077a"
  },
  "_spanky\\_wrap.manifest.json": {
    "sha256": "c8ee9dc2adf07d13dd57a4d2d539d021036d7f5d473e31b04e2d9cc61c19bacb"
  },
  "payload\\attachments\\session-uploads\\Spanky_Request_Pack_v2_2_2025-10-08.zip": {
    "sha256": "fbd18d0a01dd9074298d053c41f757ae5f708226d2ace4000f2e5127a7e7cd7f"
  },
  "payload\\app\\demo-chip.js": {
    "sha256": "60433b0aad65d45a0f7c9c6e5493542c53e219fb0b67ff53652f4e2e2a1e7de9"
  },
  "payload\\app\\greeting.js": {
    "sha256": "271b726c0f1cedd0172a11e4eea0d14fd830dd4a618595a39f9ae1befa5bd5cd"
  },
  "_spanky\\MISSING_CoWraps.txt": {
    "sha256": "ebec6efb20c111727081ea468efda0cda2940ba263423969a4b2cf4340842f1a"
  },
  "_spanky\\out.txt": {
    "sha256": "004933719adff905ecabbb7c56b996e2c14c140898e12d56eab46a0fd31beea6"
  },
  "_spanky\\_copayload.meta.json": {
    "sha256": "533400586aed1eedd86175b37908201203ee1691a675ba4e4e39d0e4f3bfe881"
  },
  "notes\\RISKS.md": {
    "sha256": "30c7fd7869e594ff978ccfae09d2991eadec4dddccb37bbab5756d2dde02c523"
  },
  "payload\\HH\\tools\\bpoe.ps1": {
    "sha256": "c8f97e155c550478707fbb0474d2d02557f0a4a9d08b8c4bd195c9652bd0b76a"
  },
  "payload\\diagrams\\out\\hello.html": {
    "sha256": "853899e626f5afcfdc46b9941a7398ab2fe6e7da06b247a08a6fe05b5b1b2f79"
  },
  "payload\\app\\cocivium-overlay.js": {
    "sha256": "2234e715a1fad11a784f038b122445e0e5269746f53416d2ca0dc00c6cb7782c"
  },
  "payload\\app\\assets\\sample-watermark.css": {
    "sha256": "f9f64eb1ce30750cf6cb8f23d3e91b2c9ba32f1b53903e143ae76fbd2a7e1917"
  },
  "payload\\app\\assets\\demo-chip.css": {
    "sha256": "94adb8dc529bd5c5e9523ba4176af9ed6755e2deb27f9e037cd6a7b8d23e3161"
  },
  "summaries\\SOURCES.md": {
    "sha256": "aa2df7ff3de1da2c99682c5135423bb74af4a0d865d00ec6d2750ec5f04aabce"
  },
  "payload\\app\\sample-watermark.js": {
    "sha256": "c51121b6d838822e39735f185b2d596c0ade096e139e4b67f0e55ee80d4d4930"
  },
  "payload\\diagrams\\templates\\diagram-viewer.html": {
    "sha256": "9926812ef3cefdfb38c94f0f9e6370e414c19d13dc3c46783f1add43c0cb7487"
  },
  "payload\\diagrams\\out\\hello.mmd": {
    "sha256": "30aeb8754a5dadef1cecc91d3f881cfdce20c88ef639cf2b363442f7fb451e31"
  },
  "notes\\WEBSITE_MANIFEST.md": {
    "sha256": "dacf6a4783fb25d8ea1ae95c52faef73a75e6c1b226ba9962f521e0f0a4a61f1"
  },
  "notes\\DECISIONS.md": {
    "sha256": "b5e457294b7d3a4ba2d208c6979655ec75657eea1856146774e44d5d010b6fbd"
  },
  "payload\\HH\\tools\\cli-utils.ps1": {
    "sha256": "924b25c53d7cbf15c32c29e45669dd64f5c5303b4c33e74e7692ade81bda5734"
  },
  "_spanky\\MISSING_Attachments.txt": {
    "sha256": "3e458f978954754ea969ea0d7344f6c07c2e44a3c7c72dd2568e2255a868bddb"
  },
  "transcripts\\history.txt": {
    "sha256": "f0f33cc2a73a50c410b484bfbce735e8c5be4eb01cd9a0810b161b82a80c2c70"
  },
  "notes\\INTENTIONS.md": {
    "sha256": "9cb6c3e99c6b967007730b52c324c0f6eacf798e8ef884e2e68fd1a972117687"
  },
  "payload\\app\\assets\\cocivium-overlay.css": {
    "sha256": "6f45658c752998dfa4920399c460e9362132afd24d4e4e45992167e2c32752b1"
  },
  "payload\\diagrams\\Convert-DiagramJsonToMermaid.ps1": {
    "sha256": "6e31580ae8fe1a5f4d1ccd1e09cd500e253855d9dec8f847a2094ef23c55db51"
  },
  "summaries\\TLDR.md": {
    "sha256": "b1f21e517068a86ecd317931909b754f080ae6669d7f8e70ff33c203e0e3d42f"
  },
  "notes\\GLOSSARY.md": {
    "sha256": "7f0a19dd9310b470063247f93a3c35969217640b5e16c0baec004dd3cd734f0e"
  },
  "payload\\attachments\\session-uploads\\PS7OutputLatest.odt": {
    "sha256": "06196c8c30748392cb1a95610ea4ae17ea24f4f1aaa56da31b304fd5bed1d35a"
  },
  "_spanky\\MISSING_Advicebombs.txt": {
    "sha256": "53151e6ac1b028285719f0aa65e41b29ebf3bc0c6ce5c824cead93fb763987ca"
  },
  "notes\\DEPRECATED.md": {
    "sha256": "d37563d533706bb8e78ddb12df11a27a6ccf5e72195cf5c1651bb07220466824"
  },
  "_spanky\\checksums.json": {
    "sha256": "9a89e11d710f849aecacfbdb7c15365c604fbc5cd39edea686c199f59f10296b"
  },
  "notes\\DEPENDENCIES.md": {
    "sha256": "7cdad0951a1c19e3f39a174a39432e4552ecae79a39b0679cc148f12b50dc3d3"
  },
  "summaries\\ROADMAP_NOTES.md": {
    "sha256": "98af5564b15c809391b62363efafcfc3d75ddfe4e7f8d850777243ecb43600a7"
  },
  "notes\\BPOE.md": {
    "sha256": "930c4b19946162cb82bccc147180a20c10425ec9c86c01e96880801a01e051c9"
  },
  "notes\\ASSUMPTIONS.md": {
    "sha256": "2e17cd3c83ec28f85493e5ffb315b0baba0122c280b380ec4a1759a435c11601"
  }
}