{
  "bundle": "Spanky_CoEvolutionDocs_20251009_202452.zip",
  "structure": {
    "_spanky": [
      "_copayload.meta.json",
      "_wrap.manifest.json",
      "out.txt",
      "checksums.json"
    ],
    "transcripts": [
      "session.md"
    ],
    "payload": [],
    "notes": [
      "BPOE.md",
      "INTENTIONS.md",
      "DEPENDENCIES.md",
      "DECISIONS.md",
      "ASSUMPTIONS.md",
      "RISKS.md",
      "GLOSSARY.md",
      "WEBSITE_MANIFEST.md",
      "DEPRECATED.md"
    ],
    "summaries": [
      "TLDR.md",
      "ROADMAP_NOTES.md",
      "SOURCES.md"
    ]
  }
}