{
  "$schema": "https://json-schema.org/draft/2020-12/schema",
  "title": "Perspective Plane Entities v1",
  "type": "object",
  "properties": {
    "version": {
      "type": "integer"
    },
    "updated": {
      "type": "string",
      "description": "YYYY-MM-DD"
    },
    "weights": {
      "type": "object",
      "properties": {
        "commons": {
          "type": "number"
        },
        "commerce": {
          "type": "number"
        },
        "club": {
          "type": "number"
        },
        "crown": {
          "type": "number"
        }
      },
      "additionalProperties": false
    },
    "entities": {
      "type": "array",
      "items": {
        "type": "object",
        "required": [
          "id",
          "label",
          "group",
          "scores"
        ],
        "properties": {
          "id": {
            "type": "string"
          },
          "label": {
            "type": "string"
          },
          "group": {
            "type": "string",
            "enum": [
              "country",
              "party",
              "mode",
              "other"
            ]
          },
          "scores": {
            "type": "object",
            "properties": {
              "commons": {
                "type": "number"
              },
              "commerce": {
                "type": "number"
              },
              "club": {
                "type": "number"
              },
              "crown": {
                "type": "number"
              }
            }
          },
          "sources": {
            "type": "array",
            "items": {
              "type": "object",
              "properties": {
                "title": {
                  "type": "string"
                },
                "url": {
                  "type": "string"
                },
                "date": {
                  "type": "string"
                },
                "note": {
                  "type": "string"
                },
                "quote": {
                  "type": "string"
                }
              }
            }
          }
        }
      }
    }
  }
}
