{
  "version": 1,
  "updated": "2025-10-20",
  "weights": {
    "commons": 1,
    "commerce": 1,
    "club": 1,
    "crown": 1
  },
  "entities": [
    {
      "id": "us-democrats",
      "label": "US Democrats",
      "group": "party",
      "scores": {
        "commons": 0.58,
        "commerce": 0.5,
        "club": 0.46,
        "crown": 0.41
      },
      "sources": [
        {
          "title": "Placeholder explainer",
          "url": "https://example.org/dems",
          "date": "2025-10-20"
        }
      ]
    },
    {
      "id": "us-republicans",
      "label": "US Republicans",
      "group": "party",
      "scores": {
        "commons": 0.4,
        "commerce": 0.59,
        "club": 0.52,
        "crown": 0.62
      },
      "sources": [
        {
          "title": "Placeholder explainer",
          "url": "https://example.org/gop",
          "date": "2025-10-20"
        }
      ]
    }
  ]
}
