{
  "generated_at": "2025-09-15T21:02:58",
  "source_of_truth": "CoCache/BPOE",
  "repos_touched": [
    {
      "name": "InSeed",
      "branches": [
        "polish/auto-setup-20250915",
        "polish/bpoe-centralize-20250915"
      ],
      "pr_url": "https://github.com/rickballard/InSeed/pull/1",
      "vars": {
        "ENABLE_AUTOCOMMITS": true
      },
      "status": "Smoke OK; PR open"
    },
    {
      "name": "CoCache",
      "branch": "main",
      "commit": "fd62893",
      "status": "Pushed BPOE module + reusable workflows to main",
      "workflows": [
        ".github/workflows/bpoe-smoke.yml",
        ".github/workflows/bpoe-safety-gate.yml",
        ".github/workflows/bpoe-self-evolve.yml"
      ]
    }
  ],
  "last_update": "2025-09-15 21:06:49"
}