{
  "strategy/market-map.md": "# Market Map \u2014 Initial Focus\n\n1. API Enabler for AI Adoption\n2. Applied AI Integration Engineer\n",
  "strategy/learning-roadmap.md": "# Learning Roadmap \u2014 Initial\n- Minimal APIs\n- LLM integration basics\n- Data contracts\n- One demo shipped\n",
  "strategy/exemplars.md": "# Role Exemplars \u2014 Starter\n| Title | Company | Signals | Est. Comp |\n|---|---|---|---|\n",
  "strategy/mobility-plan.md": "# Mobility Plan \u2014 Starter\n- Remote first; inclusive teams\n",
  "profile/resume.md": "# Master Resume \u2014 Starter\nHeadline, Skills, Experience\u2026\n",
  "profile/pitch.md": "# Pitches \u2014 Starter\n30 sec: I make products AI\u2011ready\u2026\n",
  "networking/ally-groups.md": "# Ally & Community Groups \u2014 Starter\n- Out in Tech\n- TransTech Social\n- Women Who Code\n- Queer in AI\n",
  "reflections/resilience.md": "# Resilience \u2014 Starter\nPrompts here\u2026\n",
  "bpoe/checklist.md": "# BPOE \u2014 Starter\n- Evidence\u2011based planning\n- Quarterly/Monthly reviews\n- Transparent pivots\n- Non\u2011coercion + uplift\n- Market pragmatism\n"
}
