{
  "_spanky/_wrap.manifest.json": {
    "sha256": "3146b579f13b8124c0fd12f24cb6e6930fb39c643205f69d186c592fde07207e",
    "size": 1796
  },
  "_spanky/_copayload.meta.json": {
    "sha256": "dd17b59394fb1c7e3626e908055aa7e84b3e0c2aecc34c0bae3460ca651739ab",
    "size": 446
  },
  "transcripts/session.md": {
    "sha256": "41f18a46cb8f17e52eaa198d054cd479d374e8672e28335911a6e55c563db149",
    "size": 779
  },
  "payload/source/Spanky_Request_Pack_v2_2_2025-10-08.zip": {
    "sha256": "fbd18d0a01dd9074298d053c41f757ae5f708226d2ace4000f2e5127a7e7cd7f",
    "size": 3420
  },
  "notes/BPOE.md": {
    "sha256": "7ee08dcd6d6820afcdae2d8697de9d324ee9dd24639f355aa16b0de2e3185453",
    "size": 222
  },
  "notes/INTENTIONS.md": {
    "sha256": "135d7b17652cfd44e1bc5ba0080f8b9ba2b79724e9d7a85233208655e0eb493d",
    "size": 238
  },
  "notes/DEPENDENCIES.md": {
    "sha256": "251e41de5e5647e5055e752112adcf48889411aae29a0210d5724d72ea1c20f5",
    "size": 128
  },
  "notes/DECISIONS.md": {
    "sha256": "f8922a8a04b5cff97d5e7d996378cd9cebb002b4ff8fa187fe609c9812522dae",
    "size": 134
  },
  "notes/ASSUMPTIONS.md": {
    "sha256": "f2438a15f4723235cf68b0c5d6c4841282833a2e68b124dff1f459b32b013fa8",
    "size": 139
  },
  "notes/RISKS.md": {
    "sha256": "70b62b86bbede15998b04dbbc7f01357e6b4a7769b374586286d1be0dcdd768b",
    "size": 141
  },
  "notes/GLOSSARY.md": {
    "sha256": "7c1a146eed10a6d1261cd31cc90181012cc5b987b601a5570e25f5684cf9b3ae",
    "size": 176
  },
  "notes/WEBSITE_MANIFEST.md": {
    "sha256": "26073e20c590cde5d214f5203acdbbfd1fcbe4536d08c4c4e468fd7bcf779a7c",
    "size": 126
  },
  "notes/DEPRECATED.md": {
    "sha256": "30bb63d1d5050f2c5f15a19a0300c8992b62dabdecdf7607d82f6ec8a2d31799",
    "size": 56
  },
  "notes/MISSING_CoCivium_Advisories_Pack_V@.md": {
    "sha256": "e3c368d156d30edd48b9368e64bd1a2a5de31b1eaea5846d23c3261d10e695e9",
    "size": 38
  },
  "summaries/TLDR.md": {
    "sha256": "5f7dabb7832c779fdd74bee262d2d147a0db26aec843d78c1b1f0a5961ad038f",
    "size": 221
  },
  "summaries/ROADMAP_NOTES.md": {
    "sha256": "735c31a1cc13a8edeb8d3d1be87e7d83413aba6f7f8fbaa133bf5f2fe9fa5e23",
    "size": 234
  },
  "summaries/SOURCES.md": {
    "sha256": "dfd2411a924eaf92fffad21c7551e076cea444f457a99224db2f9cde5fba617e",
    "size": 182
  }
}