Application Date,Contact Email,Contact Phone Number,Company Name,Job Title,Job Url,Resume Name,Question And Answers
"7/18/07, 4:37 AM",rballard@InSeed.com, +1.416.414.8100,GNR Global Network Recruiting,Sr Mgr of Commodity Management for World Leader in Networking,http://www.linkedin.com/jobs/view/334228,,
"1/22/07, 11:20 AM",rballard@InSeed.com, +1.416.414.8100,Confidential,Sales Director - Strategic Accounts,http://www.linkedin.com/jobs/view/226216,BallardResumeSales&Partnerships.doc,
"1/22/07, 11:27 AM",rballard@InSeed.com, +1.416.414.8100,,,http://www.linkedin.com/jobs/view/209362,BallardResumeSales&Partnerships.doc,
"1/22/07, 11:14 AM",rballard@InSeed.com, +1.416.414.8100,IT Connexions Europe Ltd.,European Sales Manager,http://www.linkedin.com/jobs/view/223397,BallardResumeSales&Partnerships.doc,
"7/17/07, 9:54 AM",rballard@InSeed.com, +1.416.414.8100,Logitech,Sr. Global Product Manager-Remote Controls,http://www.linkedin.com/jobs/view/333353,,
"7/18/07, 4:47 AM",rballard@InSeed.com, +1.416.414.8100,Espial Group,"Director, Product Marketing",http://www.linkedin.com/jobs/view/334425,,
"7/18/07, 4:36 AM",rballard@InSeed.com, +1.416.414.8100,M-Tech Europe Ltd,Pre Sales Manager EMEA – IP / Telco Software (OSS/BSS/SDP),http://www.linkedin.com/jobs/view/334314,,
"6/2/05, 1:10 AM",rballard@InSeed.com, +1.416.414.8100,Skype,Business Development Manager  Mobile Devices,http://www.linkedin.com/jobs/view/19325,Ballard Skype.doc,
"6/18/25, 9:31 AM",richardmballard@gmail.com, +14164148100,Ryelle Strategy Group,"Director, Partnership Development - Canada",http://www.linkedin.com/jobs/view/4250539809,,
