{
  "$schema": "https://json-schema.org/draft/2020-12/schema",
  "$id": "https://cocivium.org/ai/schemas/assets-manifest.schema.json",
  "title": "CoCivium Assets Manifest",
  "type": "object",
  "required": [
    "spec",
    "repo",
    "updated",
    "assets"
  ],
  "properties": {
    "spec": {
      "type": "string"
    },
    "repo": {
      "type": "string"
    },
    "root": {
      "type": "string"
    },
    "updated": {
      "type": "string",
      "format": "date-time"
    },
    "count": {
      "type": "integer"
    },
    "assets": {
      "type": "array",
      "items": {
        "type": "object",
        "required": [
          "path",
          "kind",
          "updated",
          "sha256"
        ],
        "properties": {
          "path": {
            "type": "string"
          },
          "kind": {
            "type": "string"
          },
          "size": {
            "type": "integer"
          },
          "updated": {
            "type": "string",
            "format": "date-time"
          },
          "sha256": {
            "type": "string"
          },
          "stale": {
            "type": "boolean"
          }
        }
      }
    }
  }
}