{
  "$schema": "https://json-schema.org/draft/2020-12/schema",
  "$id": "https://cocivium.org/ai/schemas/scripts-manifest.schema.json",
  "title": "CoCivium Scripts Manifest",
  "type": "object",
  "required": [
    "spec",
    "repo",
    "updated",
    "scripts"
  ],
  "properties": {
    "spec": {
      "type": "string"
    },
    "repo": {
      "type": "string"
    },
    "root": {
      "type": "string"
    },
    "updated": {
      "type": "string",
      "format": "date-time"
    },
    "count": {
      "type": "integer"
    },
    "scripts": {
      "type": "array",
      "items": {
        "type": "object",
        "required": [
          "path",
          "language",
          "updated",
          "sha256",
          "flags",
          "refs"
        ],
        "properties": {
          "path": {
            "type": "string"
          },
          "language": {
            "type": "string"
          },
          "size": {
            "type": "integer"
          },
          "updated": {
            "type": "string",
            "format": "date-time"
          },
          "sha256": {
            "type": "string"
          },
          "purpose": {
            "type": "string"
          },
          "usage": {
            "type": "string"
          },
          "refs": {
            "type": "integer"
          },
          "flags": {
            "type": "object",
            "required": [
              "orphan",
              "wip",
              "deprecated",
              "stale"
            ],
            "properties": {
              "orphan": {
                "type": "boolean"
              },
              "wip": {
                "type": "boolean"
              },
              "deprecated": {
                "type": "boolean"
              },
              "stale": {
                "type": "boolean"
              }
            }
          }
        }
      }
    }
  }
}