{
  "issuer_did": "did:key:z6MkIssuerExample",
  "subject_did": "did:web:example.org:alice",
  "claim_type": "RepTag.v1",
  "dimensions": [
    "EvidenceHygiene",
    "TruthAlignment"
  ],
  "evidence_set": [
    {
      "uri": "https://example.org/post/123",
      "content_hash": "bafy...",
      "archived_uri": "https://archive.org/..."
    },
    {
      "uri": "https://github.com/alice/repo/pull/42",
      "content_hash": "bafy..."
    }
  ],
  "score_contrib": 0.72,
  "confidence": 0.88,
  "epoch": "2025Q3",
  "model_version": "reptag-1.0.0",
  "revocation_pointer": "did:meritrank:revocations:abc123",
  "signature": "ed25519:..."
}