{
  "$schema": "https://json-schema.org/draft/2020-12/schema",
  "title": "RepTagAttestation",
  "type": "object",
  "required": [
    "issuer_did",
    "subject_did",
    "claim_type",
    "evidence_set",
    "score_contrib",
    "confidence",
    "epoch",
    "model_version",
    "signature"
  ],
  "properties": {
    "issuer_did": {
      "type": "string"
    },
    "subject_did": {
      "type": "string"
    },
    "claim_type": {
      "type": "string",
      "enum": [
        "RepTag.v1",
        "ScripTag.v1"
      ]
    },
    "dimensions": {
      "type": "array",
      "items": {
        "type": "string"
      },
      "description": "Which dimensions this claim pertains to"
    },
    "evidence_set": {
      "type": "array",
      "items": {
        "type": "object",
        "required": [
          "uri",
          "content_hash"
        ],
        "properties": {
          "uri": {
            "type": "string"
          },
          "content_hash": {
            "type": "string"
          },
          "archived_uri": {
            "type": "string"
          }
        }
      }
    },
    "score_contrib": {
      "type": "number"
    },
    "confidence": {
      "type": "number",
      "minimum": 0,
      "maximum": 1
    },
    "epoch": {
      "type": "string",
      "description": "e.g., 2025Q3"
    },
    "model_version": {
      "type": "string"
    },
    "revocation_pointer": {
      "type": "string"
    },
    "signature": {
      "type": "string"
    }
  }
}