{
  "$schema": "http://json-schema.org/draft-07/schema#",
  "title": "CanonScore",
  "type": "object",
  "properties": {
    "document_id": {
      "type": "string"
    },
    "version": {
      "type": "string"
    },
    "timestamp": {
      "type": "string",
      "format": "date-time"
    },
    "factors": {
      "type": "object",
      "properties": {
        "stability": {
          "type": "number",
          "minimum": 0,
          "maximum": 1
        },
        "fit_for_purpose": {
          "type": "number",
          "minimum": 0,
          "maximum": 1
        },
        "congruence": {
          "type": "number",
          "minimum": 0,
          "maximum": 1
        },
        "adoption": {
          "type": "number",
          "minimum": 0,
          "maximum": 1
        },
        "repro_audit": {
          "type": "number",
          "minimum": 0,
          "maximum": 1
        },
        "incident_free": {
          "type": "number",
          "minimum": 0,
          "maximum": 1
        },
        "citation_centrality": {
          "type": "number",
          "minimum": 0,
          "maximum": 1
        },
        "policy_drift": {
          "type": "number",
          "minimum": 0,
          "maximum": 1
        }
      },
      "required": [
        "stability",
        "fit_for_purpose",
        "congruence",
        "adoption",
        "repro_audit",
        "incident_free",
        "citation_centrality",
        "policy_drift"
      ]
    },
    "weights": {
      "type": "object"
    },
    "score": {
      "type": "number",
      "minimum": 0,
      "maximum": 100
    },
    "provenance_hash": {
      "type": "string"
    }
  },
  "required": [
    "document_id",
    "version",
    "timestamp",
    "factors",
    "score",
    "provenance_hash"
  ]
}