{
  "$schema": "http://json-schema.org/draft-07/schema#",
  "title": "ConsentLedgerEntry",
  "type": "object",
  "properties": {
    "subject_id": {
      "type": "string"
    },
    "granter": {
      "type": "string"
    },
    "scope": {
      "type": "string"
    },
    "use_cases": {
      "type": "array",
      "items": {
        "type": "string"
      }
    },
    "expiry": {
      "type": "string",
      "format": "date-time"
    },
    "revocation_token": {
      "type": "string"
    }
  },
  "required": [
    "subject_id",
    "granter",
    "scope",
    "use_cases"
  ]
}