{
  "$schema": "http://json-schema.org/draft-07/schema#",
  "title": "PolicyPR",
  "type": "object",
  "properties": {
    "title": {
      "type": "string"
    },
    "domain": {
      "type": "string"
    },
    "type": {
      "type": "string",
      "enum": [
        "policy",
        "spec",
        "impl",
        "rfc"
      ]
    },
    "change_level": {
      "type": "string",
      "enum": [
        "draft",
        "working",
        "adopted",
        "canonical",
        "legacy"
      ]
    },
    "summary": {
      "type": "string"
    },
    "impact_analysis": {
      "type": "string"
    },
    "safety_case_path": {
      "type": "string"
    },
    "simulation_bundle_path": {
      "type": "string"
    },
    "tests": {
      "type": "array",
      "items": {
        "type": "string"
      }
    },
    "rollback_plan": {
      "type": "string"
    },
    "monitoring_plan": {
      "type": "string"
    },
    "consent_implications": {
      "type": "string"
    },
    "attribution": {
      "type": "string"
    },
    "licensing": {
      "type": "string"
    },
    "de_scaffold_implications": {
      "type": "string"
    }
  },
  "required": [
    "title",
    "domain",
    "type",
    "change_level",
    "summary",
    "impact_analysis",
    "safety_case_path",
    "simulation_bundle_path",
    "tests"
  ]
}