{
  "name": "Spanky_CPDA-CADI_20251008_225001",
  "created_local": "2025-10-08T22:50:01.437235-04:00",
  "short_name": "CPDA-CADI",
  "structure": {
    "_spanky": [
      "_copayload.meta.json",
      "_wrap.manifest.json",
      "out.txt",
      "checksums.json"
    ],
    "transcripts": [
      "session.md"
    ],
    "payload": "repo scaffolds, microsite pages, assets (svg), attachments",
    "notes": [
      "BPOE.md",
      "INTENTIONS.md",
      "DEPENDENCIES.md",
      "DECISIONS.md",
      "ASSUMPTIONS.md",
      "RISKS.md",
      "GLOSSARY.md",
      "WEBSITE_MANIFEST.md",
      "DEPRECATED.md"
    ],
    "summaries": [
      "TLDR.md",
      "ROADMAP_NOTES.md",
      "SOURCES.md"
    ]
  }
}