{ "$schema":"http://json-schema.org/draft-07/schema#","title":"careerOS.advice.request",
  "type":"object",
  "properties":{
    "user_constraints":{"type":"object","properties":{
      "location":{"type":"string"},"remote_ok":{"type":"boolean"},
      "comp_band_usd":{"type":"array","items":{"type":"integer"},"minItems":2,"maxItems":2},
      "work_style":{"type":"string","enum":["solo-deep","team-collab","hybrid"]},
      "visa_notes":{"type":"string"}},"additionalProperties":false},
    "weights":{"type":"object","properties":{
      "salary":{"type":"number"},"security":{"type":"number"},
      "passion":{"type":"number"},"growth":{"type":"number"}},
      "required":["salary","security","passion","growth"],"additionalProperties":false},
    "evidence_citations":{"type":"array","items":{"type":"string"}},
    "refusal_paths_allowed":{"type":"boolean","default":true}},
  "required":["user_constraints","weights","refusal_paths_allowed"],
  "additionalProperties":false }

