{
  "cadence": {
    "primary": "weekly",
    "day_hint": [
      "Fri 18-20 ET",
      "Sun 19-21 ET"
    ]
  },
  "formats": [
    "Remix & Repair (3-5m)",
    "Field Notes (5-8m)",
    "Explained in a Diagram (2-3m)"
  ],
  "pillars": [
    "Remixes of big voices",
    "Institution makeovers",
    "Playbooks",
    "Global field notes",
    "Viewer clinics"
  ],
  "cta_rotation": [
    "Join the public build",
    "Comment 'No Crowns' for the 2x2",
    "Subscribe weekly",
    "Nominate a system"
  ]
}