source,export_path,archive_path,bytes,sha256
Favicon_ConcentricC_3Grey_32.png,/mnt/data/brand/favicon-32.png,brand/favicon-32.png,1865,55bc07b3179a0103e1f7800ba9d107264cb8c690d811df3679624969e43e1430
Icon_ConcentricC_3Grey_180.png,/mnt/data/brand/apple-touch-icon-180.png,brand/apple-touch-icon-180.png,17633,63b6e9365d024156bbf11503f8b505b91757c926d409d6c40870bcf4f7203746
Preview_ConcentricC_3Grey_512.png,/mnt/data/brand/logo-preview-512.png,brand/logo-preview-512.png,6608,f8fe91f5c7cab92a41d896ad30cdc96d19dc50eb565f0b3f53ba16af814f27a3
CoCivium_Logo_ConcentricC_3Grey.svg,/mnt/data/brand/logo-concentricc-3grey.svg,brand/logo-concentricc-3grey.svg,494,891e0f1ea328742c8396e920357b89e39171a17207f909a13d07886a268d5916
CoCivium_Hero_Lincoln_PostCorruption_Trimmed_960x300.png,/mnt/data/hero/quote-960w.png,hero/quote-960w.png,18029,944c8c1e5eb8dd69ee515ee060b868ea591c5687cb7f4c788c6dfc3df43f38cc
CoCivium_Hero_Lincoln_PostCorruption_Trimmed_1920x600.png,/mnt/data/hero/quote-960w@2x.png,hero/quote-960w@2x.png,19711,d29d04a43a5e9a2e754d0d6dc9281cd1512f38c216bd12411352d08f6b0ba904
