[
  {
    "issue_id": "ai-regulation-whiplash",
    "observed_terms": [
      "ai bill",
      "foundation models",
      "regulatory sprint"
    ],
    "neutral_summary": "Policy velocity outpaces evaluation capacity; risk of unintended harms rises.",
    "co_soundbite": {
      "id": "cc:eval_before_scale",
      "text": "Evaluate before we scale. Record incentives. Publish methods."
    },
    "repo_links": [
      {
        "title": "Cognocarta — Guardrails",
        "path": "docs/ethos/guardrails.md"
      },
      {
        "title": "Decision‑Flow — Evidence Standards",
        "path": "docs/Decision-Flow.md"
      }
    ],
    "data_sources": [],
    "infographic": {
      "type": "slope",
      "notes": "regulation velocity vs eval capacity"
    },
    "risk_flags": [
      "election",
      "ai"
    ],
    "compliance": {
      "privacy": true,
      "license_ok": true
    }
  },
  {
    "issue_id": "housing-price-to-income",
    "observed_terms": [
      "housing affordability",
      "rent burden"
    ],
    "neutral_summary": "Price‑to‑income ratios exceed historical norms in several metros.",
    "co_soundbite": {
      "id": "cc:incentives_over_rhetoric",
      "text": "Follow the incentives. Fix them, then the headlines."
    },
    "repo_links": [
      {
        "title": "Domains — Finance",
        "path": "docs/domains/finance.md"
      }
    ],
    "data_sources": [],
    "infographic": {
      "type": "line",
      "notes": "ratio over time with base rate"
    },
    "risk_flags": [
      "geo"
    ],
    "compliance": {
      "privacy": true,
      "license_ok": true
    }
  }
]