{
  "enabled": true,
  "interval_hours": 6,
  "targets": [
    {
      "name": "Chris Lehane",
      "role_expectation": "VP, Global Policy",
      "keywords": [
        "OpenAI policy",
        "OpenAI safety",
        "youth safety",
        "privacy",
        "misinformation",
        "global policy",
        "regulation",
        "public affairs",
        "transparency report"
      ]
    }
  ],
  "sources": [
    {
      "name": "OpenAI Blog",
      "type": "rss",
      "url": "https://openai.com/blog/rss.xml"
    },
    {
      "name": "OpenAI Press",
      "type": "rss",
      "url": "https://openai.com/press/rss.xml"
    },
    {
      "name": "News (Bing query)",
      "type": "rss",
      "url": "https://www.bing.com/news/search?q=Chris+Lehane+OpenAI&format=rss"
    },
    {
      "name": "News (Bing query 2)",
      "type": "rss",
      "url": "https://www.bing.com/news/search?q=OpenAI+policy+team&format=rss"
    }
  ],
  "output": {
    "report_markdown": "../reports/LehaneWatch.md",
    "raw_json_dir": "../reports/logs"
  }
}