{
  "package": "CoCivium_Academy_AdviceBomb_v3.0_MeritHalo_Integrated",
  "heritage": [
    "v1.1",
    "v1.2",
    "v2.0"
  ],
  "generated": "20251022_145455",
  "repo_target": "CoCache",
  "purpose": "Unified synthesis of Academy (UX+pedagogy), Vital-Signs analytics, and MeritHalo continuum.",
  "includes": [
    "Academy Framework (PAIR/ASK/Q-Loop)",
    "MeritHalo Continuum Framework",
    "UX & Pedagogical Advisories",
    "Vital-Signs Analytics System",
    "CoCore + CoNeura Integration",
    "Evolving Congruence Model",
    "CI Validation & Visualization Tools"
  ],
  "validated_tools": [
    "pwsh7",
    "python3.10+"
  ],
  "aesthetic_guidance": "docs/academy/UX_ADVISORY.md",
  "civic_alignment_model": "MeritHalo Continuum"
}
