{
  "version": "1.0",
  "domains": [
    {
      "code": "GOV",
      "name": "Governance & Process"
    },
    {
      "code": "JUS",
      "name": "Justice, Rights & Public Safety"
    },
    {
      "code": "ECO",
      "name": "Economy & Markets"
    },
    {
      "code": "FIN",
      "name": "Money, Finance & Fiscal"
    },
    {
      "code": "SOC",
      "name": "Social Protection & Welfare"
    },
    {
      "code": "HLT",
      "name": "Health & Public Health"
    },
    {
      "code": "EDU",
      "name": "Education & Learning Systems"
    },
    {
      "code": "URB",
      "name": "Infrastructure, Housing & Cities"
    },
    {
      "code": "ENV",
      "name": "Environment & Climate"
    },
    {
      "code": "ENG",
      "name": "Energy Systems"
    },
    {
      "code": "TEC",
      "name": "Technology, Data & AI"
    },
    {
      "code": "MED",
      "name": "Media, Information & Discourse"
    },
    {
      "code": "BOD",
      "name": "Borders, Migration & International"
    },
    {
      "code": "RES",
      "name": "Risk, Resilience & Emergency"
    },
    {
      "code": "AGR",
      "name": "Food & Agriculture"
    },
    {
      "code": "CUL",
      "name": "Culture, Religion & Arts"
    }
  ],
  "meta_domains": [
    {
      "code": "EVO",
      "name": "Evolution & Meta\u2011Governance",
      "type": "overlay"
    },
    {
      "code": "LEG",
      "name": "Legacy Systems Review",
      "type": "overlay"
    }
  ]
}