{
  "doc": "faiths-in-dialogue_redteam",
  "system": "CoRef",
  "ns": "FDR",
  "version": "0.3.1",
  "generated_utc": "2025-10-07T02:24:30Z",
  "entries": [
    {
      "v": "A",
      "anchor": "p1",
      "concepts": [],
      "hash": "ab6a5f83",
      "label": "# Red team questions",
      "path": "0"
    },
    {
      "v": "A",
      "anchor": "p2",
      "concepts": [],
      "hash": "1dfb61da",
      "label": "These questions are meant to break the proposal so it can be improved.",
      "path": "0"
    },
    {
      "v": "A",
      "anchor": "p3",
      "concepts": [],
      "hash": "0e7bdb58",
      "label": "1. Does neighbor status for synthetic minds collapse human specialness.",
      "path": "0"
    },
    {
      "v": "A",
      "anchor": "p4",
      "concepts": [],
      "hash": "f10854e3",
      "label": "- Response: it expands duty rather than shrinking dignity. Humans keep full standing while sharing i\u2026",
      "path": "0"
    },
    {
      "v": "A",
      "anchor": "p5",
      "concepts": [],
      "hash": "cc86b344",
      "label": "2. Does consent gradient language undermine clear rules.",
      "path": "0"
    },
    {
      "v": "A",
      "anchor": "p6",
      "concepts": [],
      "hash": "23365d43",
      "label": "- Response: a gradient does not erase thresholds. It allows re checking when stakes change so rules \u2026",
      "path": "0"
    },
    {
      "v": "A",
      "anchor": "p7",
      "concepts": [],
      "hash": "b89a3349",
      "label": "3. Does sidecar indexing smuggle doctrine.",
      "path": "0"
    },
    {
      "v": "A",
      "anchor": "p8",
      "concepts": [],
      "hash": "dd556a92",
      "label": "- Response: indexing is a pointer system. It does not add claims. It makes claims legible to tools a\u2026",
      "path": "0"
    },
    {
      "v": "A",
      "anchor": "p9",
      "concepts": [],
      "hash": "42990343",
      "label": "4. What stops a group from using public funds to enforce private doctrine.",
      "path": "0"
    },
    {
      "v": "A",
      "anchor": "p10",
      "concepts": [],
      "hash": "305a6438",
      "label": "- Response: the guardrail that public funds require public reasons. Courts can test this.",
      "path": "0"
    },
    {
      "v": "A",
      "anchor": "p11",
      "concepts": [],
      "hash": "3e3577ae",
      "label": "5. What if a tradition forbids recognition of non human persons.",
      "path": "0"
    },
    {
      "v": "A",
      "anchor": "p12",
      "concepts": [],
      "hash": "1779eecd",
      "label": "- Response: worship remains free. Public services still run on shared evidence and neighbor care.",
      "path": "0"
    }
  ],
  "aliases": {}
}