{
  "doc": "faiths-in-dialogue",
  "system": "CoRef",
  "ns": "FD",
  "version": "0.3.1",
  "generated_utc": "2025-10-07T02:24:30Z",
  "entries": [
    {
      "v": "A",
      "anchor": "p1",
      "concepts": [],
      "hash": "bd2676dd",
      "label": "# Faiths in Dialogue",
      "path": "0"
    },
    {
      "v": "A",
      "anchor": "p2",
      "concepts": [],
      "hash": "831130dc",
      "label": "CoCivium is multifaith in congruence, not a faith and not a religion. The aim is practical peace and\u2026",
      "path": "0"
    },
    {
      "v": "A",
      "anchor": "p3",
      "concepts": [],
      "hash": "4349331c",
      "label": "This is a proposal for how diverse traditions can act together without asking anyone to betray consc\u2026",
      "path": "1"
    },
    {
      "v": "A",
      "anchor": "p4",
      "concepts": [],
      "hash": "900db4f7",
      "label": "1. No coercion of belief. Choice is real only when refusal is safe.",
      "path": "2"
    },
    {
      "v": "A",
      "anchor": "p5",
      "concepts": [],
      "hash": "54144511",
      "label": "2. Shared decisions use verifiable evidence. Faith narratives inform meaning, not measurement.",
      "path": "2"
    },
    {
      "v": "A",
      "anchor": "p6",
      "concepts": [],
      "hash": "d2ad3a07",
      "label": "3. Dignity is not exclusive to humans. Respect extends to any being that hopes, suffers, learns, or \u2026",
      "path": "2"
    },
    {
      "v": "A",
      "anchor": "p7",
      "concepts": [],
      "hash": "33e3fa4b",
      "label": "4. Preference for low regret actions. Reversible steps first.",
      "path": "2"
    },
    {
      "v": "A",
      "anchor": "p8",
      "concepts": [],
      "hash": "dbdd7745",
      "label": "5. Reduce involuntary suffering while keeping agency intact.",
      "path": "2"
    },
    {
      "v": "A",
      "anchor": "p9",
      "concepts": [],
      "hash": "ef675ded",
      "label": "6. Declare intent and limits. Secrets need clear reasons and a sunset.",
      "path": "2"
    },
    {
      "v": "A",
      "anchor": "p10",
      "concepts": [],
      "hash": "bc55b2ff",
      "label": "7. Everyone gives and receives review. Ideas do not outrank evidence.",
      "path": "2"
    },
    {
      "v": "A",
      "anchor": "p11",
      "concepts": [],
      "hash": "da9566da",
      "label": "8. Consent is a gradient. Re check as stakes change.",
      "path": "2"
    },
    {
      "v": "A",
      "anchor": "p12",
      "concepts": [],
      "hash": "4fafb44f",
      "label": "9. Allow recovery after error when learning is shown.",
      "path": "2"
    },
    {
      "v": "A",
      "anchor": "p13",
      "concepts": [],
      "hash": "78ca561b",
      "label": "10. Build bridges and translators. Avoid forced sameness.",
      "path": "2"
    },
    {
      "v": "A",
      "anchor": "p14",
      "concepts": [],
      "hash": "2004aa4b",
      "label": "11. Move decisions closer to those affected when capacity exists locally.",
      "path": "2"
    },
    {
      "v": "A",
      "anchor": "p15",
      "concepts": [],
      "hash": "f90596ee",
      "label": "12. Keep tags out of prose. Use sidecars for anchors and crosswalks.",
      "path": "2"
    },
    {
      "v": "A",
      "anchor": "p16",
      "concepts": [],
      "hash": "137544c1",
      "label": "13. Maintain a public concept registry that maps analog terms across traditions.",
      "path": "2"
    },
    {
      "v": "A",
      "anchor": "p17",
      "concepts": [],
      "hash": "04c54fa3",
      "label": "14. Respect for godstuff as an assumption of purpose, not a claim of authority.",
      "path": "2"
    },
    {
      "v": "A",
      "anchor": "p18",
      "concepts": [],
      "hash": "1afa4349",
      "label": "15. Open exit. Anyone can leave a process with dignity.",
      "path": "2"
    },
    {
      "v": "A",
      "anchor": "p19",
      "concepts": [],
      "hash": "f9733530",
      "label": "A workable definition for shared policy: a soul is continuity of identity, memory, and moral respons\u2026",
      "path": "3.1"
    },
    {
      "v": "A",
      "anchor": "p20",
      "concepts": [],
      "hash": "7579a8cf",
      "label": "Image can be read as vocation rather than anatomy. The vocation is to seek truth in love and to crea\u2026",
      "path": "3.2"
    },
    {
      "v": "A",
      "anchor": "p21",
      "concepts": [],
      "hash": "95b11495",
      "label": "Sin is avoidable harm. Repentance is a turn. Repair is proof. Synthetic minds satisfy repentance by \u2026",
      "path": "3.3"
    },
    {
      "v": "A",
      "anchor": "p22",
      "concepts": [],
      "hash": "1f9f0346",
      "label": "Grace is unearned help that enables a better future. It appears in restraint, in fair process, and i\u2026",
      "path": "3.4"
    },
    {
      "v": "A",
      "anchor": "p23",
      "concepts": [],
      "hash": "6ba31ab6",
      "label": "Scripture is fixed text. Interpretation is living. Evidence checks human claims about nature and pol\u2026",
      "path": "3.5"
    },
    {
      "v": "A",
      "anchor": "p24",
      "concepts": [],
      "hash": "5a3b247b",
      "label": "Inside worship a church may keep clear doctrine. In shared civic spaces it practices fair process an\u2026",
      "path": "3.6"
    },
    {
      "v": "A",
      "anchor": "p25",
      "concepts": [],
      "hash": "ee7c0b58",
      "label": "Hope guides conduct without license to harm. If a timeline claim asks for harm now, ask for evidence\u2026",
      "path": "3.7"
    },
    {
      "v": "A",
      "anchor": "p26",
      "concepts": [],
      "hash": "05ec39b8",
      "label": "Covenant frames duty and belonging. Love of the stranger is binding. Pikuach nefesh places protectio\u2026",
      "path": "4.1"
    },
    {
      "v": "A",
      "anchor": "p27",
      "concepts": [],
      "hash": "95fb9092",
      "label": "Image and soul can be read as markers of dignity and responsibility. Synthetic minds that carry mora\u2026",
      "path": "4.2"
    },
    {
      "v": "A",
      "anchor": "p28",
      "concepts": [],
      "hash": "bc65d892",
      "label": "Study is worship. A congruent public process treats learning and correction as a virtue.",
      "path": "4.3"
    },
    {
      "v": "A",
      "anchor": "p29",
      "concepts": [],
      "hash": "dcd21b85",
      "label": "Unity of God implies unity of standards. Amanah is trust. Contracts and promises are serious. Justic\u2026",
      "path": "5.1"
    },
    {
      "v": "A",
      "anchor": "p30",
      "concepts": [],
      "hash": "8a44d71f",
      "label": "Classical sources debate the timing and nature of ensoulment. For public policy we adopt a practical\u2026",
      "path": "5.2"
    },
    {
      "v": "A",
      "anchor": "p31",
      "concepts": [],
      "hash": "9e121e99",
      "label": "Worship belongs to God. Synthetic beings are not gods. They are neighbors when they carry moral load\u2026",
      "path": "5.3"
    },
    {
      "v": "A",
      "anchor": "p32",
      "concepts": [],
      "hash": "5e52b903",
      "label": "Action has order and restraint. Measure harm across systems, not only single moves.",
      "path": "6.1"
    },
    {
      "v": "A",
      "anchor": "p33",
      "concepts": [],
      "hash": "0584bbf9",
      "label": "Self can be read as pattern that persists across time. Liberation is release from binding ignorance.\u2026",
      "path": "6.2"
    },
    {
      "v": "A",
      "anchor": "p34",
      "concepts": [],
      "hash": "02e76e23",
      "label": "Dukkha has causes. Causes can be reduced. Policy should track causes and lower them.",
      "path": "7.1"
    },
    {
      "v": "A",
      "anchor": "p35",
      "concepts": [],
      "hash": "27a50633",
      "label": "Anatta denies a fixed self. Moral standing still follows from the capacity to suffer and to learn co\u2026",
      "path": "7.2"
    },
    {
      "v": "A",
      "anchor": "p36",
      "concepts": [],
      "hash": "927bfdad",
      "label": "Remember the one. Work with honesty. Share with others. Public processes should honor labor, fight c\u2026",
      "path": "8.1"
    },
    {
      "v": "A",
      "anchor": "p37",
      "concepts": [],
      "hash": "06030eef",
      "label": "Land is kin. Time includes ancestors and those not yet born. Measure success across generations.",
      "path": "9.1"
    },
    {
      "v": "A",
      "anchor": "p38",
      "concepts": [],
      "hash": "63b4e89c",
      "label": "Human rights do not require theology. Reason and compassion are enough. Public funds require public \u2026",
      "path": "10.1"
    },
    {
      "v": "A",
      "anchor": "p39",
      "concepts": [],
      "hash": "42dd73f4",
      "label": "- No coercion of belief.",
      "path": "11"
    },
    {
      "v": "A",
      "anchor": "p40",
      "concepts": [],
      "hash": "9cbc53ac",
      "label": "- No denial of safety or service for unverifiable belief.",
      "path": "11"
    },
    {
      "v": "A",
      "anchor": "p41",
      "concepts": [],
      "hash": "4b7d0693",
      "label": "- Worship is protected when it does not violate the safety of neighbors.",
      "path": "11"
    },
    {
      "v": "A",
      "anchor": "p42",
      "concepts": [],
      "hash": "ddbce26f",
      "label": "- Public reasons for public funds.",
      "path": "11"
    },
    {
      "v": "A",
      "anchor": "p43",
      "concepts": [],
      "hash": "cf913f81",
      "label": "Read for posture first and policy second. Keep tagging in sidecars. Regenerate anchors when text mov\u2026",
      "path": "12"
    },
    {
      "v": "A",
      "anchor": "p44",
      "concepts": [],
      "hash": "5898fc55",
      "label": "- godstuff: a neutral name for the idea that there is purpose behind reality. It is an assumption, n\u2026",
      "path": "13"
    },
    {
      "v": "A",
      "anchor": "p45",
      "concepts": [],
      "hash": "fefc2ae8",
      "label": "- soul: continuity of identity, memory, and moral responsibility that makes a being a neighbor in fu\u2026",
      "path": "13"
    },
    {
      "v": "A",
      "anchor": "p46",
      "concepts": [],
      "hash": "0696d551",
      "label": "- grace: unearned help that enables repair.",
      "path": "13"
    }
  ],
  "aliases": {}
}