{
  "title": "Civium Standards Body — One Ring of Standards",
  "summary": "Meta-standards body that absorbs/harmonizes existing open frameworks into a holistic derivative set.",
  "rationale": "Fragmentation slows adoption; legitimacy via absorption, not replacement.",
  "impact": "Positions Civium as convening space for civic/AI standards.",
  "dependencies": [
    "Operating Constitution",
    "RepTag trails",
    "Vendor/partner mapping",
    "IdeaForge proposals"
  ],
  "tags": [
    "standards",
    "interoperability",
    "governance",
    "meta-body"
  ],
  "sensitivity": "internal",
  "source_session": "CoCivium Idea Scratchpad",
  "capability_handles": [
    "cap.standards.absorb",
    "cap.gov.harmonize",
    "cap.ecosystem.integrate"
  ]
}