{
  "title": "Influencer-Map Campaigns — Strategic Outreach Planning",
  "summary": "Influence maps of aligned figures to drive phased outreach campaigns.",
  "rationale": "Targeted early adopters accelerate traction.",
  "impact": "Raises awareness and credibility through network effects.",
  "dependencies": [
    "Civium Academy",
    "Vendor mapping",
    "Standards Body"
  ],
  "tags": [
    "outreach",
    "influencers",
    "campaigns",
    "strategy"
  ],
  "sensitivity": "internal",
  "source_session": "CoCivium Idea Scratchpad",
  "capability_handles": [
    "cap.outreach.map",
    "cap.gov.alliance",
    "cap.partner.strategy"
  ]
}