{
  "title": "Memory Seeds — Distributed Dead Drops",
  "summary": "Encrypted/steganographic knowledge seeds distributed globally for restoration after catastrophic loss.",
  "rationale": "Continuity insurance under extreme coercion.",
  "impact": "Makes Civium resilient to systemic collapse.",
  "dependencies": [
    "AntiCensor Archive",
    "Standards Body",
    "CiviProof"
  ],
  "tags": [
    "memory",
    "resilience",
    "dead-drops",
    "continuity"
  ],
  "sensitivity": "internal",
  "source_session": "CoCivium Idea Scratchpad",
  "capability_handles": [
    "cap.seed.distribute",
    "cap.crypto.fragment",
    "cap.archive.restore"
  ]
}