{
  "doc": "Faiths in Dialogue with CoCivium",
  "system": "CoRef",
  "ns": "FD",
  "version": "0.1",
  "entries": [
    {
      "path": "1.1",
      "anchor": "p1",
      "hash": "N7K2",
      "v": "A",
      "label": "What is a soul?",
      "concepts": [
        "CR:SOUL",
        "CR:PERSONHOOD",
        "CR:SUFFERING_TEST"
      ]
    },
    {
      "path": "2.1",
      "anchor": "p2",
      "hash": "R8M2",
      "v": "A",
      "label": "Christianity on souls",
      "concepts": [
        "CR:GRACE",
        "CR:NON_ANTHROPOCENTRISM"
      ]
    }
  ],
  "aliases": {}
}
