{
  "UserHome": "C:\\Users\\Chris",
  "GitRoot": "C:\\Users\\Chris\\Documents\\GitHub",
  "Repos": {
    "CoCivium": "C:\\Users\\Chris\\Documents\\GitHub\\CoCivium",
    "CoModules": "C:\\Users\\Chris\\Documents\\GitHub\\CoModules",
    "CoCache": "C:\\Users\\Chris\\Documents\\GitHub\\CoCache",
    "CoAgent": "C:\\Users\\Chris\\Documents\\GitHub\\CoAgent"
  },
  "GitRemote": "origin",
  "DefaultBranch": "main",
  "IndexerIntervalMinutes": 60,
  "StatusFile": "C:\\Users\\Chris\\Documents\\GitHub\\CoCache\\status\\BPOE_STATUS.txt"
}