{
  "name": "Spanky_RickPublicBridge_20251009_162406.zip",
  "created_local": "2025-10-09T16:24:06",
  "files": [
    {
      "path": "transcripts/session.md",
      "sha256": "fcea5445679164c3bf45e629174558f6387cc7ab36e6ea2a27a62099fc4257b4"
    },
    {
      "path": "payload/IdeaCard_Automated_RickPublic_Article_Suggestions.md",
      "sha256": "d8a9e6f7d70c5c7345fabb47afa8a92a342a7f6df0cb4b3aa04df5f4bbb5e68a"
    },
    {
      "path": "payload/Spanky_Request_Pack_v2_2_2025-10-08.zip",
      "sha256": "fbd18d0a01dd9074298d053c41f757ae5f708226d2ace4000f2e5127a7e7cd7f"
    },
    {
      "path": "notes/ASSUMPTIONS.md",
      "sha256": "eeae8778dd1793b964a4f2b11490a39773f946d80ec96a05749e9f0db29402a0"
    },
    {
      "path": "notes/BPOE.md",
      "sha256": "cec1620da91da7e2c0a11e705ca98852be6ddd3e12803bc0b75f20dc4da157db"
    },
    {
      "path": "notes/DECISIONS.md",
      "sha256": "171566b9760f0d8fc4f2697797efcc7fe356cfc63fc23a963f321b4908b37dc1"
    },
    {
      "path": "notes/DEPENDENCIES.md",
      "sha256": "aa85933455d2558a295f4182c9d8a9dc8f44e1f5101574e1bed76ca6f26817da"
    },
    {
      "path": "notes/DEPRECATED.md",
      "sha256": "68d51d3ba6212314c80f55b135c41d19ae57171412a2fac987d4450f8f79fc24"
    },
    {
      "path": "notes/GLOSSARY.md",
      "sha256": "29fbf6a89ebd03b893268345706f9ed10da62db5813ad980ba5dcdfc5d770e2d"
    },
    {
      "path": "notes/INTENTIONS.md",
      "sha256": "0386d3ef4cdb6d25c6971cbda5f8ddf9b210b96b322b9a82684062e54fbdcdeb"
    },
    {
      "path": "notes/RISKS.md",
      "sha256": "cb0293cc93d3cda30feff9507353e21761601438d35e51cd5769233e4759193a"
    },
    {
      "path": "notes/WEBSITE_MANIFEST.md",
      "sha256": "b102f8ebbeab42cec5da16deb3d5b1048a9fe3ebc9ef7129b1b540cdd14567d9"
    },
    {
      "path": "summaries/ROADMAP_NOTES.md",
      "sha256": "f7b2c26055b310f3f6fa878ec8947e6744e318acec58e116baae419cb4ac1a82"
    },
    {
      "path": "summaries/SOURCES.md",
      "sha256": "5ca34f7b1cba2a7aa9822a3ffaae03162b3cf26b53b18efb2edd7c15a1000573"
    },
    {
      "path": "summaries/TLDR.md",
      "sha256": "743640b47da9717d87113f55d0c5bd8a5bd4ad279f0177e325819469e3fa9eb9"
    }
  ]
}