{
  "payload/01_INSTRUCTION_BLOCK.md": {
    "sha256": "95d39d5dfcb3f4c84967ec8fdf45635f02f26485df5e307753f192b1f0773ff5",
    "bytes": 2139
  },
  "payload/01_INSTRUCTION_BLOCK.txt": {
    "sha256": "95d39d5dfcb3f4c84967ec8fdf45635f02f26485df5e307753f192b1f0773ff5",
    "bytes": 2139
  },
  "payload/_examples/_copayload.meta.json": {
    "sha256": "f884ff90cfac2bc1e313fd7a2154e47848d0f4b91f81489eb83e480c78fffe1d",
    "bytes": 383
  },
  "payload/_examples/_wrap.manifest.json": {
    "sha256": "01c3ac353138e89d3938272c01f15f4950df6c4b4c3a419fa2a888aa2f420f6e",
    "bytes": 526
  },
  "payload/forms/notes/DEPRECATED.md": {
    "sha256": "b1869cc8059ce5f9cfe3fe006001a1b07743da8b6bb636ef2444c4d2be6d8a17",
    "bytes": 124
  }
}