Date,Link,Message
2025-05-06 23:18:38,https://www.linkedin.com/feed/update/urn%3Ali%3Aactivity%3A7315389295219859457,"“Canadians politely reciprocate, it's karma but with more paperwork.”
“You taxed our maple syrup first. We never forget.”
“Tariffs, equal and opposite — the reaction is physics, and policy.”
“Welcome to Canada! If you like your tariffs, you’ll love ours.”
“Don’t blame us — your trade expert threw the first punch.”"
2024-12-10 17:03:18,https://www.linkedin.com/feed/update/urn%3Ali%3Aactivity%3A7267918793576714240,"Congratulations Voula!  I check social media once a year, so sorry if this is a bit late.  Christine sends her love too, BTW. 🤫"
2024-11-19 18:30:40,https://www.linkedin.com/feed/update/urn%3Ali%3Aactivity%3A7261886138351525888,Love it!  Marketing genius.
2020-12-13 20:12:51,https://www.linkedin.com/feed/update/urn%3Ali%3Aactivity%3A6736826092004499456,"Brian, you are an inspiration"
2019-05-18 13:36:15,https://www.linkedin.com/feed/update/urn%3Ali%3Aactivity%3A6532265774264971264,Congrats William (Bill)
2014-12-19 09:01:39,https://www.linkedin.com/feed/update/urn%3Ali%3AgroupPost%3A1009867-5950904143320227840,"​So Russell, what are we to do with all our wonderful, self-anointed global wisdom? 

Imagine for a moment that one day you will write THE ultimate blog, that you will be the one who teaches the world to sing, to end poverty and cruelty, to make love universal and kindness the basic currency...

Yeah, sure, I know you can't really imagine all of that, but you really only have to imagine a tiny part of it.  Because you are not alone.  This is not YOUR journey it is OUR journey, all of us.  Everything we share matters, because wisdom is cumulative.  Alone we tend to be weak, self serving slugs, but together we become godstuff. 

So, Russell.  You asked me how living abroad has changed me?  Maybe that is the wrong question.  Instead, ask how my living abroad is changing you, because in that scheme of things, I matter only as much as I help you to matter.  

I hope this makes sense to you, and I hope it helps re-affirm the powerful talents you acquired in your travels.  Your wisdom comes with a duty.  Life is not about us, its about what we pass on, and if we have to travel to discover that, well, maybe travel should be compulsory."
2014-12-18 18:33:50,https://www.linkedin.com/feed/update/urn%3Ali%3AgroupPost%3A1009867-5950904143320227840,"If your environment doesn't change, your spirit sleeps.  Travel makes it easier to be alive in the moment, and it teaches you to seek alternative perspectives.  

The societies we grow up in, tend to brainwash us, so we often think and behave in dysfunctional ways.  Through travel, we grow more intelligent, faster.  We become more aware of social structure issues, better at measuring other people's minds, more open to believing what we figure out for ourselves, less accepting of dogma or propaganda we dont always rush to agree.  We gain broader perspectives and a much clearer understanding of who we are.  

The proof of this mind expansion suddenly materializes when we return home, after spending years abroad, to find our friends still saying the same things they were saying years ago as if they are stuck in a time warp.  They now look like mushrooms feeding on a diet of more limited opportunities, because a safe feeling of familiarity protected them from being more than mere mushrooms.  

Yes, you will hate yourself for thinking that your beloved friends and family are now simple minded cowards, who hid from a better life because they were afraid to be more alive.  But you will have grown strong enough to accommodate hard truths.  One such truth is that billions of people will never have the chance to grow as wise as you are now. 

If we had not traveled, if we had squandered our global opportunities, who would now be helping to pull the less fortunate billions into our modern world?  Likely not the mushrooms.  

Then later in life, as you continue to grow wiser, some of your hometown mushrooms will ask to visit you in your larger house, in your larger world.  Maybe they, or at least their children, will be ready to have their spirits awakened.  By then, you will be wise enough to know exactly how to shake up their worldview, such that the air around you comes alive."
2010-02-10 11:29:38,https://www.linkedin.com/feed/update/urn%3Ali%3AgroupPost%3A130119-13178662,"I do similar stuff from a Bus Dev and Marketing perspective.  Unlike yourself, I;m a lesser mortal so I do work for free now and then, especially if I am inspired by the people (and the business vision, of course).  

However, I typically ask to be invited to co-invest on at least as good terms as the next round investors.  It's due diligence by participation, which I find much more \"real\" than being a sit-back critic, like some VC's pet analysts tend to be.  

I also help with fund raising, and have helped raise nearly $500M for high-tech startups, mostly from early-stage VC's, but some Angel work.  I am presently helping to create a not-for-profit \"startup packager\" at www.EntMent.org, if you want to \"pay it forward\" for free (yep, free consulting is rarely respected, but some  of EntMent's Ents make it all worth it).  

Good luck Rogue CFO, let me know if I can help.  Nice site at www.roguecfo.com, North LA right?"
2010-01-29 13:25:05,https://www.linkedin.com/feed/update/urn%3Ali%3AgroupPost%3A41877-12996033,"A few of the network auditing companies (as mentioned above) could extrapolate numbers on the CableTV shadow economy, likely with more accuracy than the cable MSO's could themselves manage.  

Chuck, the number you seek could be disruptive.  Misuse of that kind of information could drop your company into deep legal waters.  Are you sure you really want to go there?"
2010-01-28 11:13:16,https://www.linkedin.com/feed/update/urn%3Ali%3AgroupPost%3A41877-12996033,"Jeff, I have to disagree with you.  The MSO's may say they have subscriber signal theft under control, but they don't.

They lose $millions/year/head-end (most cities can have multiple head-ends), purely because the information contained in their networks is not accurately organized.

If you use a network auditing tool, like Maxxian, to compare the records in the various network elements, records that even the element vendors never made properly accessible, you can then ping out the locations of signal thieves and those that are continually under-billed due to both network or accounting errors.  

There are demonstrable fortunes to be made, by returning this under-billed user base to revenue.  But, do the CableTV MSO's want to beat up on customers that already don't respect them enough to pay for service?  

That user base could just as easily become de-indoctrinated, moving away from the cableTV paradigm to watch advert-containing content on-line instead.  Some pundits say this would only accelerate cable infrastructure toward being dumb pipe. 

Does that then make piracy a good thing?"
2010-01-22 09:38:07,https://www.linkedin.com/feed/update/urn%3Ali%3AgroupPost%3A41877-12683327,"Yes, but how much time do adults spend using electronic media primarily for entertainment?  Besides, not all adult work is necessary useful work.  

I'd estimate most work adults do is for self-fulfillment, or otherwise self-serving, (so maybe the 80/20 rule applies there, in which case, very little electronic media usage improves our Gross Domestic Product).  

The sad thing isn't what we do with our time.  The sad thing is that we (Westerners, both adults and kids) also feel entitled to better lifestyles than those people in countries where the work ethic is more productive.   

When these other countries are also over-fed and over-protected, they too may use electronic media as idiot boxes to seduce themselves into intellectual numbness.  

Unfortunately, such people also spend and vote, so idiot-box enablers are likely to become more prolific and less socially responsible."
2009-11-03 21:07:14,https://www.linkedin.com/feed/update/urn%3Ali%3AgroupPost%3A40682-9262451,"1. Target either VC or Angel, learn the difference.  If you don't know the difference, you probably need a smart-money Angel with uncommon patience.
2. Practice different ways to pitch your vision, and do so on live audiences, way before you model how it will work commercially.  This evolves the vision prior to writing the BP, and it teaches how to pitch in minutes, not hours.
3. Figure out the audience hotbuttons, e.g. is it a rounded team, how serial is the primary founder, are there comparison companies, do multipliers apply to early rounds, how soon is an exit possible, where is the runway, etc.
4. Focus most effort on the exec summary, which should describe existing revenue or at least a proof of concept.  If you don't have either, you might wish to seek friends and family money instead, so you can have either. 
5. Work it full time, get good at cold selling and don't expect it to take only a few months.  Grow a network of supporters around your idea, and keep them informed about continually improving momentum/spin.
6. Know your own weaknesses and don't try to own the deal unless you have already spent buckets on it. 
7. Heck, this question is so open ended...Is any of this helping?"
2009-10-03 14:05:34,https://www.linkedin.com/feed/update/urn%3Ali%3AgroupPost%3A40682-7876826,"From your response, I think you would do a splendid job of managing a BP writing project.  However, I would still use the end result of your endeavors as a due diligence follow-up, merely to placate the VC's back office of young and inexperienced MBA's.  

The Powerpoint you proposed is an additional element, and circa 1995-2005, it would have been very appropriate for the experienced VC partners, (who then dump the detailed due diligence work on their back office).  

The breakdown in this old world VC business plan stuff appeared to occur because the back office was always too afraid to contradict the VC partners using a bottom up analysis of the opportunity which relied on the BP to be an accurate prediction. 

Please don't let me get away with being wrong, if being a \"BP writing consultant\" is NOT an increasingly obsolete profession, especially if you know such individuals whose percentage of financing successes is actually trending upward.  

I am in high tech, exclusively, so I'm not sure my opinions are valid elsewhere.  The high-tech market has changed, maybe the world has changed.  Too many fat old geezers like us would like to believe we can go back again... to those golden years when we felt like tie-wearing heroes, and pre-money valuations were better connected to metric fundamentals. 

These are my thoughts.  Hope they are useful to you."
2009-10-02 17:52:58,https://www.linkedin.com/feed/update/urn%3Ali%3AgroupPost%3A40682-7876826,"Business Plans are boring.  They are such pompous documents that if you try to use them for anything other than fund acquisition, some colleagues will think you are one of those consultants that never really \"do\" anything.  

Joseph, have you seen many badly written business plans help to generate funding?  I have myself.  I suppose that if you write business (financial) plans as a career, you should expect yourself to have some bias as to their value, and the importance of correct spelling, etc.  But there has to be a better way, no? 

On one startup, we spent hundreds of thousands of dollars on our business plan, and it was quite successful at raising funds...  But, writing it was deadly boring, reading it almost killed people, sucking the entrepreneurial souls right out of their ears.  So, we typically used the first page exclusively, and left the other zillion pages back at the office where they would do less harm.  

I've also noted a huge increase in the number of confidential information memorandums (CIM's) and just about any other document format that exec teams can use to avoid having to pitch a traditional Business Plan.  I am starting to wonder if ye olde BP has had its day, at least in high tech...? 

Is this a trend, \"a continuation of a trend from the late 1990’s DOT.com bubble\" as you say, or is it a search for a better way to do business.  If you reduce the number of lawyers and accountants who do the editing, you are less likely to kill readers, right?"
2009-08-19 15:28:56,https://www.linkedin.com/feed/update/urn%3Ali%3AgroupPost%3A41877-6185952,"Efforts to increase broadband service provider options for consumers, e.g. RF/whitespace and unlicensed spectrum, hydro-data, alternative CLEC's.  Need more open market competition, not over-regulated bottlenecks."
2009-03-19 11:58:35,https://www.linkedin.com/feed/update/urn%3Ali%3AgroupPost%3A41877-2064804,"I can help to assemble the Canadian piece of your Cable Peering Association.  Great idea, why isn't this already in place?  Would reselling cable capacity as a separate entity allow us to bypass any regulatory restrictions placed on cable operators...?  Could the Association survive without completely contiguous coverage across the US, and Canada for that matter.  The problems seem more political than technical..."
