Organization,Followed On
Ryelle Strategy Group,Wed Jun 18 16:31:58 UTC 2025
GroupBuild,Tue May 06 22:38:47 UTC 2025
Canadians for Properly Built Homes,Thu May 01 16:47:38 UTC 2025
Start-ups,Fri Mar 10 11:47:27 UTC 2023
Strategic Partnerships,Fri Mar 10 11:46:31 UTC 2023
Business Planning,Fri Mar 10 11:40:58 UTC 2023
Marketing,Fri Mar 10 11:26:26 UTC 2023
Vendor Management,Fri Mar 10 11:12:16 UTC 2023
Entrepreneurs Over Coffee,Fri Sep 10 04:06:37 UTC 2021
3rdwave,Sun Aug 22 14:19:20 UTC 2021
BBC News,Thu Feb 18 21:46:30 UTC 2021
CNN International Commercial,Thu Feb 18 21:46:22 UTC 2021
University of Southampton,Wed Sep 07 10:09:25 UTC 2016
Sheridan College,Sat Sep 03 14:05:46 UTC 2016
Coventry University,Thu Sep 01 14:52:19 UTC 2016
CNN Business,Sun Feb 28 19:11:35 UTC 2016
Forbes,Sun Feb 28 19:11:26 UTC 2016
The Verge,Sun Feb 28 19:11:17 UTC 2016
Engadget,Sun Feb 28 19:10:52 UTC 2016
TED Conferences,Sun Feb 28 19:10:43 UTC 2016