Notes:
"When exporting your connection data, you may notice that some of the email addresses are missing. You will only see email addresses for connections who have allowed their connections to see or download their email address using this setting https://www.linkedin.com/psettings/privacy/email. You can learn more here https://www.linkedin.com/help/linkedin/answer/261"

First Name,Last Name,URL,Email Address,Company,Position,Connected On
Andrew,Castiglione,https://www.linkedin.com/in/andrew-castiglione-147366299,,TAL Group,Senior Account Manager,22 Dec 2023
Nicholas,Rehm,https://www.linkedin.com/in/nicholasrehm,,The Johns Hopkins University Applied Physics Laboratory,Aerospace Engineer,29 May 2023
Giovanni,Morelli,https://www.linkedin.com/in/giovanni-morelli-1a30775a,,Sphere 3D Inc.,SVP Technology & Co-Founder,22 Oct 2021
Tony,Gubitosa,https://www.linkedin.com/in/tonygubitosa,,EBM Electrical Services Ltd,"Occupational Health, Safety, and Environment Manager",18 Jul 2020
Eric,Anderson,https://www.linkedin.com/in/eric-anderson-leadership4personalization,,TechCXO,Partner,29 Jan 2019
Grant,Stajer,https://www.linkedin.com/in/grant-stajer-8a27812a,,,,16 Oct 2018
Vince,Bertrand,https://www.linkedin.com/in/vince-bertrand-1b743028,,Metro Inc.,Retail Operations Expert,24 Aug 2018
Oksana,Sivers,https://www.linkedin.com/in/oksana-sivers-986bb551,,Sheridan College,Professor,16 Jul 2018
Celia,Moffat,https://www.linkedin.com/in/celia-moffat-42563bb,,Aird & Berlis LLP,Lawyer,19 Mar 2018
Robert J.,Sawyer,https://www.linkedin.com/in/robert-j-sawyer-1a60984,,SFWRITER.COM Inc.,Science Fiction Writer,18 Mar 2018
Brigitte,De Waele,https://www.linkedin.com/in/brigittedewaele,,Threon - Value through projects,Associate Partner,16 Mar 2018
Ahal,Besorai,https://www.linkedin.com/in/ahalbesorai,,AmanDagat Beach Resort,Owner,16 Mar 2018
Don,Savery,https://www.linkedin.com/in/don-savery-4b01a5156,,City of Mississauga,Fire Captain,11 Jan 2018
John,Dorion,https://www.linkedin.com/in/john-dorion-885a7133,,,,05 Dec 2017
Dr. Marjorie E.,"Dixon MDCM, FRCS(C), FACOG, REI",https://www.linkedin.com/in/drmdixon,,Anova Fertility & Reproductive Health,"CEO & MEDICAL DIRECTOR,  ANOVA FERTILITY & REPRODUCTIVE HEALTH",07 Nov 2017
Ginny,Battersby,https://www.linkedin.com/in/ginny-battersby-3883b41b,,Torbear Contracting Inc. / Malfar Mechanical Inc.,Controller,22 Sep 2017
Tony,Dickin,https://www.linkedin.com/in/tony-dickin-b278066,,Holistic Health Pty Ltd,Managing Director,10 Sep 2017
Don,Hutton,https://www.linkedin.com/in/don-hutton-b1918110,,Red Rock Ranch,Ranch Hand,09 Sep 2017
Mike,Marshall,https://www.linkedin.com/in/mikebroadvision,,BearCom,Senior Field Service Technician,09 Sep 2017
Juan,Cardona,https://www.linkedin.com/in/juan-cardona-0ba801149,,M2 Designs & Improvements,Kitchen designer/finish carpenter,07 Sep 2017
Mo,"Siddiqui, MBA",https://www.linkedin.com/in/mosid,,Colliers,"Global Head, Enterprise Architecture",07 Sep 2017
Andrew,Bell,https://www.linkedin.com/in/andrew-bell-a70b43116,,Self-employed,Security & Private Investigations,07 Sep 2017
Traci,Clark,https://www.linkedin.com/in/traciclarkbvi,,Halton Healthcare,Registered Practical Nurse,07 Sep 2017
Mihnea,Moldoveanu,https://www.linkedin.com/in/mihnea-moldoveanu-b1a70a4,,University of Toronto - Rotman School of Management,"Founder and Academic Director, RotmanDigital",07 Sep 2017
,,,,,,12 Jul 2017
Glenn,Fox,https://www.linkedin.com/in/glenn-fox-7a971341,,University of Guelph,Professor,12 Jul 2017
Lois,Herridge,https://www.linkedin.com/in/lois-herridge-566a2047,,Regina Public Schools,Superintendent,12 Jul 2017
Jay,Rosenblatt,https://www.linkedin.com/in/jay-rosenblatt,,Alpharank,Chief Executive Officer,12 Jul 2017
Muriel,Mediwake,https://www.linkedin.com/in/muriel-mediwake-a919a0105,,,,06 Jul 2017
Darcy,Brown,https://www.linkedin.com/in/darcy-brown-942685a0,,SWAT Health Inc ,Co-Owner and Trainer,01 Jul 2017
Jan,Silverman,https://www.linkedin.com/in/jan-silverman-77410b26,,self-employed,Reproductive Health Educator/Counselor,30 Jun 2017
Noel,Bambrough,https://www.linkedin.com/in/noel-bambrough-a14453107,,Self-employed,Principal CEO,29 Jun 2017
Eduardo,Delgado,https://www.linkedin.com/in/edudelgado,,TD,Vice President,08 Feb 2017
Jelena,Milojevic,https://www.linkedin.com/in/jelena-milojevic-b2772a7a,,CST Savings Inc,Sales Representative,08 Feb 2017
Jan,Gerrard,https://www.linkedin.com/in/jan-gerrard-74b64668,,Bookworx ,President,08 Feb 2017
Brian,O'Shaughnessy,https://www.linkedin.com/in/boshaughnessy,,Freedom Mobile,SVP Wireless and 5G Technology,31 Aug 2016
Carlton,O'Neal,https://www.linkedin.com/in/carlton-o-neal-583b90,,University of San Diego,Clinical Professor of Marketing,25 May 2016
Lyn,"Brown, RN, CRSP",https://www.linkedin.com/in/lyn-brown-rn-crsp-b8156414,,Brown and Associates,Principal,07 Apr 2016
Jos,Huybrighs,https://www.linkedin.com/in/jos-huybrighs-15b696a,,Siemens,Retired,24 Mar 2016
Melissa,Wong,https://www.linkedin.com/in/melissa-wong-6a25b7bb,,"TSN - The Sports Network, Bellmedia - Canada",Web Designer,23 Mar 2016
Mark,McCleary,https://www.linkedin.com/in/mark-mccleary-560794118,,,,23 Mar 2016
Dale,Holter,https://www.linkedin.com/in/dale-holter-0775172,,Formus Communications,Managing Director-Europe,22 Mar 2016
ISRAEL,SWITZER,https://www.linkedin.com/in/israel-switzer-72401710b,,RETIRED,Semi Retired,22 Mar 2016
Kevin,Hulley,https://www.linkedin.com/in/kevin-hulley-b9693a86,,SCA Personal Care,Territory Manager,22 Mar 2016
,,,,,,22 Mar 2016
Tom,Ma,https://www.linkedin.com/in/tom-ma-51a9391,,Axius Global ,"CEO & Chairman, Founder",21 Mar 2016
Larry,Miller,https://www.linkedin.com/in/larry-miller-b9756b108,,DoneRight Window Coverings,Self Employed,20 Mar 2016
Blair,Robin,https://www.linkedin.com/in/blair-robin-b0690813,,Automated Home Technologies,Owner,20 Mar 2016
Doug,Davies,https://www.linkedin.com/in/doug-davies-85922250,,Nokia,"R.F. Engineer, P.Eng.",20 Mar 2016
Marc,Rabideau,https://www.linkedin.com/in/marc-rabideau-2a98925,,Physical Therapy of San Francisco,Owner,19 Mar 2016
Adam,Froman,https://www.linkedin.com/in/adamfroman,,Delvinia,Founder & CEO,19 Mar 2016
Lila,Leonardi (Blanke),https://www.linkedin.com/in/lila-leonardi,,Milton Family Care Center,Medical Receptionist/administrator,19 Mar 2016
Voula,Halliday,https://www.linkedin.com/in/voula-halliday-20365a14,,City of Peterborough,"Advisory Committee Member, City of Peterborough Arts and Culture Advisory Committee (ACAC) ",19 Mar 2016
Annette,Cyr,https://www.linkedin.com/in/annette-cyr-a20b5413,,Cyr & Associates,President,19 Mar 2016
Marguerite,Zimmerman,https://www.linkedin.com/in/margueritezimmerman,,E=mz²/Momentium,CEO and Founder,19 Mar 2016
Dr George W,Foty,https://www.linkedin.com/in/dr-george-w-foty-72877b72,,EDFree Clinics,Founder,19 Mar 2016
Marlene,MacMurchy,https://www.linkedin.com/in/marlene-macmurchy-ab5a7769,,,,19 Mar 2016
Joe,Moher,https://www.linkedin.com/in/joe-moher-8586542b,,Retired and Enjoying Life,Iona Highschool Principal,19 Mar 2016
Bill,Stotts,https://www.linkedin.com/in/bill-stotts-8b0b184a,,Budds' Imported Cars,Service Manager,19 Mar 2016
Alex,Savin,https://www.linkedin.com/in/alex-savin-b2062a9,,,,19 Mar 2016
Andrew,McBride,https://www.linkedin.com/in/andrew-mcbride-9290831,,Metric Sales Inc,Managing Director,19 Mar 2016
Ryan,Gamble,https://www.linkedin.com/in/ryanagamble,,thinCanvas communications,Founder,14 Dec 2015
David,Specic,https://www.linkedin.com/in/david-specic-7a13b069,,Great Ponds & Gardens Inc.,Owner/Operator,20 Oct 2015
Scott,Farraway,https://www.linkedin.com/in/scott-farraway-5907b841,,Scott Farraway Behavioural Consultation,Behavioural Rehabilitation Specialist,28 Sep 2015
Terry,Budd,https://www.linkedin.com/in/terry-budd-77245222,,Budds Group of companies,Assitant to somebody,18 Aug 2015
Joshua,Strub,https://www.linkedin.com/in/joshua-strub,,Margie Strub Construction Law LLP,Partner,01 Jul 2015
Brian,"Golod, CSPO",https://www.linkedin.com/in/briangolod,,Next Badge,"Co-Founder, CSPO Product Development",24 Jun 2015
Charlene,McCleary,https://www.linkedin.com/in/charlenemccleary,,Bell Canada,Director Information Technology Services,22 May 2015
Bryan,Lamb,https://www.linkedin.com/in/bryan-lamb-257aba7,,"Lamb and Frischer, LLP",Partner,20 May 2015
Laura,Madrick,https://www.linkedin.com/in/laura-madrick-57306480,,Self-employed,RMT ,20 May 2015
Jessica,Wong,https://www.linkedin.com/in/jessicawongw,,William Osler Health System,Employee Relations Manager,19 May 2015
Sue,Umlauf,https://www.linkedin.com/in/sue-umlauf-48644414,,The Collective,Account Manager Corporate ,18 May 2015
Joanna,Kalmir,https://www.linkedin.com/in/joanna-kalmir-0436693a,,Kalmir Photography and Video Creative Services,Photographer/Owner,17 May 2015
Bill,Hudon,https://www.linkedin.com/in/bill-hudon-510741b9,,,,13 May 2015
Renato,Clonfero,https://www.linkedin.com/in/renato-clonfero-b7052214,,Clonfero Law Firm,senior counsel,11 May 2015
Alex,Vuckovic,https://www.linkedin.com/in/alex-vuckovic-10b29418,,Porsche Centre Oakville,Sales Executive,11 May 2015
Ellen,Herridge,https://www.linkedin.com/in/ellen-herridge-323362b8,,City of Toronto,Facilities Logistics Coordinator,11 May 2015
Gary,Carr,https://www.linkedin.com/in/garycarrhalton,,Halton Region,Halton Regional Chair,07 May 2015
Marianne,Long-Irwin,https://www.linkedin.com/in/marianne-long-irwin-776a0137,,Northern Ontario Angels,Director of International Development and NWO Consultant,07 May 2015
Andrew,Bailey,https://www.linkedin.com/in/andrew-bailey-9119592,,Astun Technology Ltd,Senior GIS Consultant,06 May 2015
Jane,Arnett,https://www.linkedin.com/in/jane-arnett-62a54722,,Town of Oakville,Senior Manager of Operations,06 May 2015
Matthew,Mazur,https://www.linkedin.com/in/mattmazurprofile,,Coinmiles,Front End Developer,02 May 2015
Sanjay,"Issar, CPA, CA, BCom",https://www.linkedin.com/in/sanjayissar,,Air Serv and Sparkle Solutions,CFO,01 May 2015
Charlotte,.,https://www.linkedin.com/in/fieldingcharlotte,,Self-employed,Director,01 May 2015
Zia,Bhadiar,https://www.linkedin.com/in/ziabhadiar,,Bain & Company,Bain Senior Advisor,01 May 2015
Russ,Haynal,https://www.linkedin.com/in/russhaynal,,navigators.com,Internet OSINT / Tradecraft / Cyber Security Awareness Instructor & Speaker,21 Apr 2015
Oswell,Jones,https://www.linkedin.com/in/oswell-jones-3a049878,,,cricket coach,04 Apr 2015
Raydon,McCrea,https://www.linkedin.com/in/raydon-mccrea-46297123,,Mills Motors Buick GMC Limited,Wholesale Manager,04 Apr 2015
Dave,Trzebinski,https://www.linkedin.com/in/dave-trzebinski-774a74b6,,Vizeffects,Computer Programmer,04 Apr 2015
Shirley Eve,Levitan,https://www.linkedin.com/in/shirley-eve-levitan-7562785a,,Family and Fertility Law,Lawyer,17 Mar 2015
Jamie,Barnes,https://www.linkedin.com/in/jamesabarnes,,Bell,"Director, Transformation & Systems",23 Feb 2015
Thomas,Ruf,https://www.linkedin.com/in/thomas-ruf-9074496,,Private,Business Angel and Technology Investor,23 Feb 2015
Scott,Howard 🍁/acc,https://www.linkedin.com/in/scottjhoward,,Touchpoint Strategies,Customer Success,23 Feb 2015
Matthew,Smith,https://www.linkedin.com/in/matthewsmith12,,Epipheo,Business Development & Video Strategy,23 Feb 2015
Victoria,Telford,https://www.linkedin.com/in/victoriatelford1,,Toronto Dementia Research Alliance,Research Coordinator,22 Feb 2015
Sam,Dobbie,https://www.linkedin.com/in/sam-dobbie-9b39a149,,The Courtyard Osteopaths,Osteopath,09 Feb 2015
Grant,Sojnocki,https://www.linkedin.com/in/grant-sojnocki-2934856,,Able One a Quadbridge Company,Chief Transformation Officer,08 Feb 2015
Mark,Crandon,https://www.linkedin.com/in/markcrandon,,Liberator Group,Executive Advisor & Entrepreneur,05 Feb 2015
Sean,"Casey, CFA",https://www.linkedin.com/in/sean-casey-cfa-1a3b724b,,Prophix,"Manager, Services",03 Feb 2015
Richard,Lee,https://www.linkedin.com/in/richardlee999,,Sapling Financial Consultants Inc.,Member of the Advisory Board,02 Feb 2015
Trevor,Stewart,https://www.linkedin.com/in/trevorstewart,,Stoakley-Stewart Consultants Ltd.,President,02 Feb 2015
Mike,Monteith,https://www.linkedin.com/in/mike-monteith-47a57b18,,Stealth Mode Agentic AI Space,Founder,02 Feb 2015
Patrick,Shaw,https://www.linkedin.com/in/cybercatalyst,,Cyber Catalyst Talent Solutions, Cyber Catalyst Talent Solutions - Executive Director,22 Jan 2015
Paul Raworth,"Bennett, BCom, NCOPE, CPBS, CPRW",https://www.linkedin.com/in/paulraworthbennett,,NOVA Career Strategies,Principal,10 Jan 2015
Andy,Bell,https://www.linkedin.com/in/andy-bell-a2008628,,York Regional Police,Detective,05 Jan 2015
Duncan T.,"Butler, Jr.",https://www.linkedin.com/in/duncan-t-butler-jr-3bb02992,,Sarkar Butler Capital Partners,Managing Director,20 Dec 2014
John,Gerrard,https://www.linkedin.com/in/johngerrrard,,Hamilton/Burlington SPCA,President & Chief Executive Officer,20 Dec 2014
Tina,Headford O’Brien,https://www.linkedin.com/in/tina-headford-o%E2%80%99brien-20865a3,,Sutton Group Quantum Realty Inc.,President/Broker Owner,20 Dec 2014
Carmelo,Farrugia,https://www.linkedin.com/in/carmelo-farrugia,,IntelMark Inc.,President/Owner - Actively seeking a challenging new opportunity.,19 Dec 2014
M,S,https://www.linkedin.com/in/m34534-s35345345,,,,24 Nov 2014
Bill,Trikas,https://www.linkedin.com/in/bill-trikas-a2467a41,,iNet Public Safety/iNetDispatch Inc.,Founder/President & CEO,20 Nov 2014
Karen,Grant,https://www.linkedin.com/in/karen-grant,,Community Development Northeastern Ontario (CFNEO),Chair,17 Nov 2014
Larry,Osmond,https://www.linkedin.com/in/larry-osmond-broker,,Century 21 Miller Real Estate Ltd.,Real Estate Broker,07 Nov 2014
mark,sivilia,https://www.linkedin.com/in/mark-sivilia-bb155937,,Government of Ontario,"Senior Managing Editor, Newsroom,  Ministry of Community and Social Services",03 Nov 2014
Jenny,Nettleton,https://www.linkedin.com/in/jenny-nettleton-477654a7,,,,28 Oct 2014
Adrian,Bray,https://www.linkedin.com/in/adriankbray,,Stellar Consulting ,USA CEO,03 Oct 2014
Huw,Price-Stephens,https://www.linkedin.com/in/huw-price-stephens-80771b1a,,Ipsios Ltd,Founder & Principal Consultant,22 Sep 2014
Patrick,Laforet,https://www.linkedin.com/in/hirepatlaforet,,Stoakley-Stewart Consultants Ltd.,General Manager - Eastern Region,20 Sep 2014
Barbara,Captijn,https://www.linkedin.com/in/barbara-captijn-b14790a1,,Self-Employed,Independant Consumer Advocate,20 Sep 2014
Ian,Halliday,https://www.linkedin.com/in/ian-halliday-1726563,,Launch57 ,Executive Director Business Development,20 Sep 2014
Marcia,Small,https://www.linkedin.com/in/marcia-small-21422882,marcia@fengshuicanada.net,FengShui Canada Inc.,Feng Shui Consultant,20 Sep 2014
Jan,Evans,https://www.linkedin.com/in/jan-evans-90987241,,City of Kitchener,Traffic Operations - Infrastructure Services,20 Sep 2014
Tony,Gubitosa,https://www.linkedin.com/in/tony-gubitosa-70414793,,,,20 Sep 2014
Jim,Rapino,https://www.linkedin.com/in/jim-rapino-a6128b,,Vubiz Ltd and Vubiz Inc,President & CEO,20 Sep 2014
Renae,Quinton,https://www.linkedin.com/in/renaea,,Global X Canada,Vice President Brand and Advertising,19 Sep 2014
Michael,Cook,https://www.linkedin.com/in/michael-cook-new-jersey,,EfficientLogic,AI and Automation Technical Consulting,14 Jul 2014
Femke,Galle,https://www.linkedin.com/in/femke-galle-981a0010,,Lindblad Expeditions,"Director Database Marketing, Research & Analytics",12 Jul 2014
Aubin,Dorion,https://www.linkedin.com/in/aubindorion,,Cabin Resource Management & Operations,Geospatial and Drone Division Manager,04 Jul 2014
Ray,Thompson,https://www.linkedin.com/in/ray-thompson-38690858,,,,03 Jul 2014
Lou,Casey,https://www.linkedin.com/in/lou-casey-09008826,,Scotiabank,Area Sales Manager,25 Jun 2014
Jason,Silver,https://www.linkedin.com/in/silverjay,,JI Business Advisory,Founder & CEO,24 Jun 2014
Penny,Mainwaring,https://www.linkedin.com/in/penny-mainwaring-443669b,,Emzini Tours,Owner,19 Jun 2014
Stephen,Davies,https://www.linkedin.com/in/stephen-davies-0319823,,Ecologix Heating Technologies Inc,President,18 Jun 2014
Peter,Smith,https://www.linkedin.com/in/peter-smith-07388663,,Peter Smith Guitar Studio,Guitar and Piano Instructor,18 Jun 2014
Tyler,Moore,https://www.linkedin.com/in/tylermoore2,,"Royal LePage, Niagara Real Estate Centre",Real Estate Salesperson,30 Mar 2014
Andrew,Wolton,https://www.linkedin.com/in/andrew-wolton-4bb3237a,,HARRY WOLTON LIMITED,Managing Director,03 Mar 2014
Michael,Quast,https://www.linkedin.com/in/michaeloquast,,Passive House Canada | Maison Passive Canada,Chief Executive Officer,25 Feb 2014
Dexter,Jagula,https://www.linkedin.com/in/dexterjagula,,SkyWatch,Head of Federal Government Business Development,14 Feb 2014
Jon,French,https://www.linkedin.com/in/jftechtalent,,Pluto TV,"Vendor Management and TeamBuilding (Contracts, Offshore, People)",25 Jan 2014
Ernesto,Chavarin,https://www.linkedin.com/in/ernestochavarin,,Blend,"Senior Vice President of Sales, Business Development and Partnerships",06 Jan 2014
Philip,Wadlow,https://www.linkedin.com/in/philip-wadlow-3b7a6614,,Wadlow Technical Surveys Ltd,Owner,27 Dec 2013
Karen,"Somerville, PhD, C.Dir. (she/her)",https://www.linkedin.com/in/karensomervillephd,,Performance Plus Group,President,27 Dec 2013
Chrissie,Crowley,https://www.linkedin.com/in/chrissie-crowley-9b2b586,,Ballantyne at Mosman,Principal,27 Dec 2013
Steven,"Turner, CFA",https://www.linkedin.com/in/steven-t-35a38182,,ScotiaMcLeod,Portfolio Manager,27 Dec 2013
Michelle,Boodhoo,https://www.linkedin.com/in/michelleboodhoohomes,,Century 21 Leading Edge Realty,Director of Recruitment & Retention,20 Dec 2013
Stephano,Kim,https://www.linkedin.com/in/stephano-kim-43a42958,,Kim gym personal training centre.,Owner of Kim Gym Personal Training Centre.,15 Dec 2013
Than Htut,Oo,https://www.linkedin.com/in/than-htut-oo-ait,,Asian Institute of Technology,IT Manager,18 Nov 2013
Chris,Livadas,https://www.linkedin.com/in/chrislivadas,,Micruity,CTO,11 Nov 2013
Grant,Sernick,https://www.linkedin.com/in/grantsernick,,3rdwave,VP - Sales and Marketing,31 Oct 2013
Evan,Jones 🔜 Meta Connect,https://www.linkedin.com/in/mysteryjones,,Games by Stitch,Founder,01 Oct 2013
Clint,Bowman,https://www.linkedin.com/in/clint-bowman-995b2526,,Newell Rubbermaid,National Sales and Marketing Manager,30 Sep 2013
Paul,"Hastings, OAA, MRAIC, LEED AP",https://www.linkedin.com/in/paul-hastings-oaa-mraic-leed-ap-82307430,,Paul Hastings Architect,Owner,29 Sep 2013
John,Huehn,https://www.linkedin.com/in/johnhuehn,,Launchpad.io,"Chief of Launchpad, Pegasystems Inc.",29 Jun 2013
Alan,Greenberg,https://www.linkedin.com/in/alan-greenberg-93485135,,Retired Professional,Retired Professional,25 May 2013
paul,burnett,https://www.linkedin.com/in/paul-burnett-73189b23,,Motorola,Channel Director,14 Feb 2013
Nersel,Muehlen,https://www.linkedin.com/in/nersel-muehlen-2612b9,,Nersel Fine Art LLC,Business Owner/Art Director,12 Jan 2013
David,Murphy,https://www.linkedin.com/in/david-murphy-5661541b,,na,na,02 Jan 2013
Margo,Ross,https://www.linkedin.com/in/margo-ross-389bb95a,,Margo Ross CMA,Accountant,13 Dec 2012
Daryl,Fleming,https://www.linkedin.com/in/daryl-fleming-1454995,,"The eTrans Group, Inc.",Principal,04 Dec 2012
Samantha,White,https://www.linkedin.com/in/samantha-white-8567a1,,Intellistaff Medical (www.intellistaffmedical.com),"Co-Founder, Chief Commercial Officer",10 Oct 2012
Thor,Ranthe,https://www.linkedin.com/in/thorranthe,,Workwoop,Co-Founder,26 Aug 2012
John,Andrews,https://www.linkedin.com/in/john-andrews-6a4b099,,Americans for America,Chairman,22 Jul 2012
Kiyana,Teng,https://www.linkedin.com/in/kiyana-teng-39b49353,,Q Interactive,Sale,10 Jul 2012
Sayula,Kirby,https://www.linkedin.com/in/sayulakirby,,Burlington PR ,Director,05 Jul 2012
Richard,Trask,https://www.linkedin.com/in/richard-trask-91866a3,,Atrium Health,Systems Engineer Specialist,04 Jun 2012
,,,,,,04 May 2012
Anja,Braun,https://www.linkedin.com/in/anja-braun-96451120,,Wigwam Naturreisen und Expeditionen,Reiseleiterin,13 Apr 2012
Garth,Spencer,https://www.linkedin.com/in/garth-spencer-b974576,,I am now at liberty,secretary,13 Apr 2012
C. E. Steuart,Dewar,https://www.linkedin.com/in/c-e-steuart-dewar-6067a619,,"Pimlico Software, Inc.",President/CEO,05 Apr 2012
Danuta,Dabek,https://www.linkedin.com/in/danuta-dabek-3753b949,,,,29 Mar 2012
Brad,Hains,https://www.linkedin.com/in/bradhains,,Philanthropy Advisor,Director Of Philanthropy,29 Mar 2012
Benson,Pak,https://www.linkedin.com/in/bensonpak,,Mercedes-Benz Oakville,Sales and Leasing Consultant,09 Feb 2012
Gary,Hamer,https://www.linkedin.com/in/gary-hamer,,SmartLabs,Chief Commercial Officer (CCO),31 Jan 2012
Patricia,Taylor,https://www.linkedin.com/in/patricia-taylor-9b030526,,OMES,Business Continuity/Disaster Recovery Consultant,17 Dec 2011
,,,,,,01 Dec 2011
Brandon,Morton,https://www.linkedin.com/in/brandonamorton,,BOK Financial,"Vice President, Senior Corporate Recruiter",17 Nov 2011
Ian,Draper,https://www.linkedin.com/in/ian-draper-18089018,,Budds' Imported Cars,Service Consultant,16 Nov 2011
Francis,Kingman,https://www.linkedin.com/in/franciskingman,,Gospel Life Music,Owner,15 Nov 2011
Stephanie,(Madison) Hoselton,https://www.linkedin.com/in/stephanie-madison-hoselton-47318614,,University of Phoenix,Sr. Talent Acquisition Recruiter ,13 Nov 2011
Mike,Masnick,https://www.linkedin.com/in/mmasnick,,Bluesky Social,Member Board of Directors,08 Nov 2011
Udi,Shaked,https://www.linkedin.com/in/udi-shaked-67bb901,,GaitMetrics Pte Ltd ,Chief Executive Officer,04 Nov 2011
Miroslaw,Kalek,https://www.linkedin.com/in/miroslaw-kalek-5b991b3a,,Kalmir Photography and Video Creative Services,Owner,03 Nov 2011
Michael,Warwick,https://www.linkedin.com/in/michael-warwick-34349b13,,Microcell,Mechanical Engineer,01 Nov 2011
Brian,Collie,https://www.linkedin.com/in/brianecollie,,Kinara Systems,Executive Advisor,06 Oct 2011
Amy,"Duong, CHRL",https://www.linkedin.com/in/amy-duong987,,Surex.com,Senior Vice President Human Resources,23 Sep 2011
Simon,Trupp,https://www.linkedin.com/in/simon-trupp-014a2b3,,BORN IN THE BUSH,Co-Founder,20 Sep 2011
E Susan,Baugh,https://www.linkedin.com/in/e-susan-baugh-2189a529,,,,31 Aug 2011
Craig,Calkins,https://www.linkedin.com/in/craig-calkins-62594,craig.calkins@welocalize.com,Welocalize,"Director, IP & Legal - EMEA",22 Aug 2011
Andre,Burgess,https://www.linkedin.com/in/andreburgess,,National Physical Laboratory (NPL),Strategic Partnerships,18 Aug 2011
Walid,Hmeidani,https://www.linkedin.com/in/walidhm,,eNova Marketing,Head Consultant,16 Aug 2011
Robert,Ozero,https://www.linkedin.com/in/robertozero,,Principal,Principal,15 Aug 2011
Gordon,Lee,https://www.linkedin.com/in/gordon-lee-05ab252,,UOIT,Instructor,08 Aug 2011
Herpreet,Jhajj,https://www.linkedin.com/in/herpreet-jhajj-b150724,,RBC,"Head, Private Cloud",05 Aug 2011
Daniel,McCann,https://www.linkedin.com/in/dan-mccann,,Precision AI,Founder & CEO,18 Jul 2011
Edward,W.,https://www.linkedin.com/in/edward-w-8a5b7b,,Templar Executives,Deputy CEO,13 Jul 2011
Alaa,Hadi,https://www.linkedin.com/in/alaa-hadi-59123a2,,Keysight-Ixia,Snr Sales Director - MENAT,12 Jul 2011
Ian,Ballard,https://www.linkedin.com/in/ian-ballard-7b661812,,Forrest & Company Limited,Executive in Residence,09 Jul 2011
marzouk,marzouk,https://www.linkedin.com/in/marzouk-marzouk-b8050014,,SK Primacor Americas,SK Primacor Americas production Director,06 Jul 2011
Janani,Kandhadai,https://www.linkedin.com/in/janani-kandhadai-009a45a,,Oxford University Press,Language Information Specialist,29 Jun 2011
Steve,Halstedt,https://www.linkedin.com/in/steve-halstedt-28229018,,Centennial Ventures,Managing Director,23 Jun 2011
Rajah,Lehal,https://www.linkedin.com/in/rajahlehal,,Cobalt AI,Founder,23 Jun 2011
Yury,Biryulev,https://www.linkedin.com/in/yury-biryulev-3b63708,,PM Institute Greater Toronto Information Systems Local Interest Group,QA Analyst,22 Jun 2011
Anca Elena,Call,https://www.linkedin.com/in/anca-elena-call-6365436,,"AEC Consulting, LLC",Principal,20 Jun 2011
David,Tooth,https://www.linkedin.com/in/david-tooth-b744572,,Hydro One,"It security support advisor, SAP security, SAP GRC",20 Jun 2011
Eric,Alexander,https://www.linkedin.com/in/eric-alexander-1143bb22,,U.S. Gold Corp.,Chief Financial Officer,15 Jun 2011
Hans,Kramer,https://www.linkedin.com/in/hans-kramer-6539a,,TV Anywhere,VP R&D,15 Jun 2011
Giles,Barnett,https://www.linkedin.com/in/giles-barnett-1063bb15,,Premier Group Recruitment,Head of Permanent Recruitment,15 Jun 2011
Nick,Hippolyte,https://www.linkedin.com/in/nick-hippolyte,,LaunchpadQ2C,"Partner, Principal Consultant",14 Jun 2011
,,,,,,14 Jun 2011
Tim,Spencer,https://www.linkedin.com/in/timspencer,,Balsam Venture Capital,Founding Partner,13 Jun 2011
Ross,Macpherson,https://www.linkedin.com/in/rossmacpherson1,,Career Quest,"President - Executive Resume Writer, LinkedIn Profile Writer & International Speaker",13 Jun 2011
Paul,Sharman,https://www.linkedin.com/in/paul-sharman-885934,,PACE Canada,Founder,12 Jun 2011
Mohammad (Mo),Shakouri,https://www.linkedin.com/in/mshakouri,,"Telewave.io, Inc",Chairman & CEO,10 Jun 2011
Kendra,"Court, MBA",https://www.linkedin.com/in/kendra-court-mba-43b1527,,Kendra Court Coaching,Founder ,08 Jun 2011
Gareth,Morris,https://www.linkedin.com/in/gareth-morris-2277b43,,Evolution Recruitment Solutions Ltd,CEO,08 Jun 2011
Jeff,Maiste,https://www.linkedin.com/in/jeff-maiste-ba020a,,Morgan Palmer Search Directives Inc.,Partner,07 Jun 2011
Warren,Harding,https://www.linkedin.com/in/warren-harding-404382b,,Johnston Dick & Associates,Consultant,06 Jun 2011
Greg,Duffy,https://www.linkedin.com/in/greg-duffy-302384,,self,"Consultant Advisor and Board participant; Author, Presenter",06 Jun 2011
Trevor,Dean,https://www.linkedin.com/in/trevordean,,Jonas Club Software,Sr. Development Manager,06 Jun 2011
Sean,O'Connor,https://www.linkedin.com/in/sean-o-connor-2aa643,,Rogers Communications,"Senior Manager, Solutions Specialists",06 Jun 2011
Andrew,Hempel,https://www.linkedin.com/in/andrew-hempel,,HAYAC.net. Associated Consultants,Co-Founder and Joint Managing Director.,06 Jun 2011
Manfred,Schneider,https://www.linkedin.com/in/manfredschneider,,University of Toronto,"Associate Professor, Teaching Stream",06 Jun 2011
Henry,Kaestner,https://www.linkedin.com/in/hkaestner,,Faith Driven Investor,Co-Founder,06 Jun 2011
Sue,Moore,https://www.linkedin.com/in/suemoore2,suemoore2@gmail.com,FreeWave Technologies,Vice President Marketing,06 Jun 2011
John,McMullen,https://www.linkedin.com/in/johnhmcmullen,,Prose Mechanix,Company Owner,06 Jun 2011
John,Scalzi,https://www.linkedin.com/in/scalzi,,Scalzi Enterprises,Chairman and Chief Creative Officer,05 Jun 2011
Enda,Hardiman,https://www.linkedin.com/in/endahardiman,,Independent,Independent Director and Board Advisor,05 Jun 2011
Bart,"Hawley, MBA",https://www.linkedin.com/in/bart-hawley-mba-494ba022,,CLA (CliftonLarsonAllen),Director - Systems Selection Leader / Business Opportunity Assessments (CAAS),05 Jun 2011
Mark,Anderson,https://www.linkedin.com/in/markandersonpredicts,,Pattern Computer,Founding Chair and CEO,04 Jun 2011
Wayne,Purboo,https://www.linkedin.com/in/purboo,,Amazon,VP,04 Jun 2011
Lucia,Leung,https://www.linkedin.com/in/lucia-leung-47a36414,,TD,Agile PM/SM,03 Jun 2011
Michael,Schueppert,https://www.linkedin.com/in/michaelschueppert,,The Johnian Society of the USA,Committee Member,03 Jun 2011
Mark,Twerdun,https://www.linkedin.com/in/mark-twerdun-1458b41,,Strategic Development - Consultant,Mgr,02 Jun 2011
William,Bord,https://www.linkedin.com/in/wbord,,Black Box,Director Strategic Alliances,02 Jun 2011
Kevin,Broadfoot,https://www.linkedin.com/in/kevin-broadfoot-a505041,,Beanfield Metroconnect,CTO Toll-Free IVR,02 Jun 2011
Dan,McLaughlin,https://www.linkedin.com/in/danmclaughlinsearch4,,General Mills,Senior Recruiter,01 Jun 2011
Maria,Fernandez,https://www.linkedin.com/in/maria-fernandez-1a56443,,Confidential ,HR Leader ,01 Jun 2011
Christopher,Dolan,https://www.linkedin.com/in/cbdlaw,,The Dolan Law Firm,Owner and Lead Attorney,01 Jun 2011
Dave,Rodriguez,https://www.linkedin.com/in/dave-rodriguez-538678,,TMC,President,01 Jun 2011
Ed,"Garnis, B. Eng.",https://www.linkedin.com/in/ed-garnis-b-eng-2a6a288,,Ed Garnis Energy Consulting,Freelance,01 Jun 2011
Peter,Fosbery,https://www.linkedin.com/in/peter-fosbery-66ba938,,Fosbery Insurance Agency,President,01 Jun 2011
Ranjit,John,https://www.linkedin.com/in/ranjitjohn,,Hawkai Data,Founder,01 Jun 2011
Andy,Verma,https://www.linkedin.com/in/andyverma,,Actionable Strategies,Management Consultant,01 Jun 2011
Bill,Ives,https://www.linkedin.com/in/billives,,Arts Council of New Orleans,Artist Member,01 Jun 2011
Nick,Saley,https://www.linkedin.com/in/nick-saley-46451110,,Budds' Group of Companies,Sales Consultant - Jaguar and Land Rover,31 May 2011
Gail,Chambers,https://www.linkedin.com/in/gachambers,,Global Consulting Group Inc.,Recruitment Director/ Consultant,31 May 2011
Nick,Kauser,https://www.linkedin.com/in/nick-kauser-1307b025,,,,31 May 2011
Vibhu,Bhan,https://www.linkedin.com/in/vibhubhan,,Creativ Company,Chief Operating and Information Officer,31 May 2011
Tony,Maine,https://www.linkedin.com/in/tony-maine-53a9455,,ANNARD Real Estate Investments,Proprietor,31 May 2011
Markus,Steinwender,https://www.linkedin.com/in/msteinwender,,Covr Security AB,Technical Project Manager,31 May 2011
Kim,Allen,https://www.linkedin.com/in/kimallen,,Optometry Examining Board of Canada,Chief Executive Officer,31 May 2011
Doug,Weir,https://www.linkedin.com/in/dougweir,,Alpha Insights,President,31 May 2011
Terry,Holmes,https://www.linkedin.com/in/terry-holmes-06a6a51,,"Fortitude Ventures, LLC",President,31 May 2011
P E (Ted),Farley,https://www.linkedin.com/in/tedfarley,,BreatheSafe IAQ (Indoor Air Quality Solutions),Chief Executive Officer,31 May 2011
Bill,Smith,https://www.linkedin.com/in/william-na-smith,,"ELB Consulting, Inc. - Commercial Tax & Energy Solutions",Director Of Business Development,31 May 2011
Mark,Jackson,https://www.linkedin.com/in/markjackson6,,Hay Group,Former Managing Director Hay Group,31 May 2011
Jason,Hanley,https://www.linkedin.com/in/jhanley,,Total Life,Director of AI and Software Engineering,31 May 2011
Rose,Mortilla,https://www.linkedin.com/in/rosemortilla,,"YES Partners, Inc.",Vice President,31 May 2011
Ken,McDougall,https://www.linkedin.com/in/kennethmcdougall,,Ken McDougall and Associates Limited,Principal and Consultant,31 May 2011
Yoseph,West,https://www.linkedin.com/in/yosephwest,,Relay Financial,Co-Founder & CEO,31 May 2011
Peter,Baldwin,https://www.linkedin.com/in/pcbaldwin,,eGloo Inc.,CTO,31 May 2011
Michael J.,Sikorsky,https://www.linkedin.com/in/michaeljsikorsky,,Copia Wealth Studios,CEO,31 May 2011
Judy Carmen,Ng,https://www.linkedin.com/in/judy-carmen-ng-2742683,,SiteGenie AI Engineering,Chief Technical Advisor,31 May 2011
Ed,Johnson,https://www.linkedin.com/in/p4it-ed-johnson,,Self Employed,Strategic Advisor,31 May 2011
Phil,Downe,https://www.linkedin.com/in/phil-downe-b2612b2,,Relations Management Group Inc.,Founder & Team Principal,31 May 2011
Michael,Earle,https://www.linkedin.com/in/mikeearle,,CapStar Consulting,Principal Consultant,31 May 2011
Russ,Holland,https://www.linkedin.com/in/russhollandcybercoders,,CyberCoders,Senior Recruiter,31 May 2011
Tom,Quinn,https://www.linkedin.com/in/tom-quinn-88832b21,,Quinn & Sherry Inc.,CEO/Game Inventor,31 May 2011
Jean-Sebastien,Leroux,https://www.linkedin.com/in/jeanleroux,,Everest Recruitment,President/CEO,31 May 2011
Gregory,Olinyk,https://www.linkedin.com/in/gregory-o-a90a,,"Point-of-Reference,LLC",Managing Partner,31 May 2011
Drew,Percival,https://www.linkedin.com/in/talent-solutions,,QuanTeam Solutions,Founder,31 May 2011
Paul,Zarnett,https://www.linkedin.com/in/paul-zarnett,,The Printing House Limited,General Manager,31 May 2011
Joseph,Young,https://www.linkedin.com/in/joseph-young-5b26899,,J.D. Barnes Limited,President & CEO,31 May 2011
Richard,Stultz,https://www.linkedin.com/in/richard-stultz-7313a0,,MacCabe Consulting Services ,Principal,31 May 2011
Jeff,Boone,https://www.linkedin.com/in/jeff-boone,,Red Canary,"Vice President, New Initiatives",31 May 2011
Geoff,Dufton,https://www.linkedin.com/in/geoff-dufton-2a448628,,Ontario Dental Association (ODA),Creative and Graphic Design Specialist,31 May 2011
Steven,Sims,https://www.linkedin.com/in/steven-sims-9030704,,Sims & Company CPAs,President,31 May 2011
Mohan,Markandaier,https://www.linkedin.com/in/mohanmarkandaier,,Markham Stouffville Hospital Foundation,Board Member,31 May 2011
Fran,Burke,https://www.linkedin.com/in/fran-burke-095a72a,,Sheridan College,"Retired as Advisor, Cooperative Education",31 May 2011
John,Savage,https://www.linkedin.com/in/john-savage-it-recruiting,,CPC International,Senior Partner / Founder,31 May 2011
Chris,"Jackson, MBA, CFA",https://www.linkedin.com/in/chris-jackson-mba-cfa-7724387,,CIBC Wood Gundy,"Investment Advisor, Portfolio Manager",31 May 2011
Jim,Williams,https://www.linkedin.com/in/jim-williams-71289a7,,WilliamsTelecommunications Corp,President and CEO ,31 May 2011
Marc,Rosenberg,https://www.linkedin.com/in/marc-rosenberg-omgnyc,,Justworks,"Senior Manager, Service Solutions & Incident Management",31 May 2011
Bret,Lewis,https://www.linkedin.com/in/bret-lewis,,Cherette Group,Chief Financial Officer,31 May 2011
Diana,Blaikie,https://www.linkedin.com/in/diana-blaikie-9267b05,,Retired,Retired,31 May 2011
Mike,Rozender,https://www.linkedin.com/in/mike-rozender-8861a51,,West Niagara Palliative Care Services,Board Chairman,31 May 2011
Gord,Tenhage,https://www.linkedin.com/in/gord-tenhage-862a0a8,,VASTEK Solutions Inc.,Co-Founder & Sales Manager,31 May 2011
Charles,Moore,https://www.linkedin.com/in/wirelessrecruiter,chas@nextgenexecsearch.com,NextGen Global Executive Search,"Managing Partner, Retained Executive Search Consultant",31 May 2011
Adrianna,Richards,https://www.linkedin.com/in/adrianna-richards-3ba7a917,, Wesco,Account Manager,31 May 2011
Lori,Love,https://www.linkedin.com/in/lorilove,,Confidential,Global Instructional Designer,31 May 2011
David,Clarkson,https://www.linkedin.com/in/clarksondavid,,Charter,VP of People and Culture,31 May 2011
Peter A.,Miller,https://www.linkedin.com/in/petermillerlearnbusiness,,Community Innovation Hub,Co Founder,31 May 2011
Martin,Suter,https://www.linkedin.com/in/martinsuter,,Sports Crowd,Advisory Board,31 May 2011
Rosalyn,Rahme,https://www.linkedin.com/in/rosalynrahme,,(various),Independent Consultant,31 May 2011
Kirk,Robinson,https://www.linkedin.com/in/kirkrobinson1,,Baker 88 Investments Inc.,Advisor and Angel Investor,31 May 2011
John,Morden,https://www.linkedin.com/in/campbellmorden,,Campbell Morden,Founding Partner,31 May 2011
Mark,Trew,https://www.linkedin.com/in/mark-trew-8ab5a6,,Actaris Recruitment Ltd,Director,31 May 2011
Simone,Frank,https://www.linkedin.com/in/simone-frank-67561215,,SimoneFrankPhotography,Photographer,31 May 2011
Simon,Yao,https://www.linkedin.com/in/simon-yao-7454173,,Morgan Stanley,Senior System Administrator,31 May 2011
Robert,Hebert,https://www.linkedin.com/in/robert-hebert-360371,,StoneWood Group,Partner,31 May 2011
Manny,Dilecce,https://www.linkedin.com/in/manny-dilecce-a16937a,,MDL & Associates,President,31 May 2011
Kevin,Maroni,https://www.linkedin.com/in/kevin-maroni-a39a6310,,Maxply Capital Management LLC,Managing Partner,31 May 2011
Steve,Pikett,https://www.linkedin.com/in/stevepikett,,Caspian One,Head of Delivery ,31 May 2011
Maryia,Parovaya,https://www.linkedin.com/in/mariaparovaya,,Shaman BV,Customer Success Manager,31 May 2011
Chris,"MacNeil, AITG 🚶‍♂️",https://www.linkedin.com/in/chrissmacneil,,Institute of Tourist Guiding,Board Member,31 May 2011
Donna,Rossi,https://www.linkedin.com/in/donnarossi,,Travelling the World,.,31 May 2011
Guy,Gagne,https://www.linkedin.com/in/guy-gagne-6308582a,,Brainwave Research Corporation,VP Product Development,31 May 2011
Amir N,Horovitz,https://www.linkedin.com/in/executiverecruiting,,VentVest Inc.,Founding Partner,31 May 2011
Anthony,O'Shea,https://www.linkedin.com/in/anthonyxoshea,,Invest Victoria,Investment Team Manager - Team Lead - Innovation,31 May 2011
Preston,Gilmer,https://www.linkedin.com/in/preston-gilmer-205807,pgilmer85@comcast.net,Resmed,Product Operations Leader,31 May 2011
Tony Davis,Davis,https://www.linkedin.com/in/tony-davis-davis-2b63b233,,,,31 May 2011
John E.,Stith,https://www.linkedin.com/in/jestith,,Self-Employed Writer,Writer,31 May 2011
Anne,Demetrio Downing,https://www.linkedin.com/in/annedowning,,Consultant,Sr Recruiter / Talent Acquisition Consultant,31 May 2011
Susan,Fine,https://www.linkedin.com/in/wirelessrecruitersusan,,"Electronic Search, Inc.",Sr. Director of Client Engagement,31 May 2011
Rachel,"Di Salle, MBA",https://www.linkedin.com/in/racheldisalle,,Rogers Sports & Media ,Business Planning & Analysis,31 May 2011
Jean-Georges,Fritsch,https://www.linkedin.com/in/jean-georges-fritsch-057118,,Minerva Networks,EVP  Chief Technology and Strategy Officer,31 May 2011
Hugo José,Estrella,https://www.linkedin.com/in/hugo-jos%C3%A9-estrella-127b6a,,VELOSTERNET ISP,Chief Executive Director,31 May 2011
Bruce,Vallor,https://www.linkedin.com/in/bruce-vallor-3296bb23,,KAZ,Director,31 May 2011
Troy,Simpson,https://www.linkedin.com/in/troysimpson,,Deep Genomics,Vice President of Research Operations,31 May 2011
Stephen,Byrne,https://www.linkedin.com/in/stephenpbyrne,,DIFFUSION,Founder/Strategy Director,31 May 2011
Bob,Huybrechts,https://www.linkedin.com/in/bob-huybrechts-1abb2511,,USD Consortium,Intellectual Property Consultant,31 May 2011
Ron,Resnick,https://www.linkedin.com/in/ron-resnick-532189,,Resnick Consulting LLC,President,31 May 2011
Ansel,Santosa,https://www.linkedin.com/in/anstosa,,Potato,Principal Software Engineer,31 May 2011
Boon,Teh,https://www.linkedin.com/in/boonhau,,EQ Bank | Equitable Bank,Associate Director,31 May 2011
Keith,Loo,https://www.linkedin.com/in/visualpoet,,Skinopathy,Co-Founder & Chief Executive Officer,15 May 2011
John,Bates,https://www.linkedin.com/in/johnbatestherecruiter,,Management Recruiters,VP,11 May 2011
Gary,Baxter,https://www.linkedin.com/in/gary-baxter-a0244133,,"Bodhi Shelter, Chimney Farm International & Animals Asia",Volunteer Worker for Animal Welfare Organisations - Home and Abroad,11 May 2011
Sue,Ricketts,https://www.linkedin.com/in/suericketts,,CNIB,Advocate & Volunteer Co=Facilitator,03 May 2011
Katrina,Britto,https://www.linkedin.com/in/katrinabritto,,Marketing & Business Development On Demand!,"Available for Consulting Contracts, Projects & Employment Opportunities",03 May 2011
Gry,Singsaas,https://www.linkedin.com/in/gry-singsaas-940a403,,Direktoratet for arbeidstilsynet,Head of Department Law and regulations,08 Mar 2011
Daniel,Frydenlund,https://www.linkedin.com/in/daniel-frydenlund,,Panorama Consulting Group,Board Chair,02 Mar 2011
Matthew,Wolton,https://www.linkedin.com/in/matthewwolton,,VWV,Partner,28 Feb 2011
Perry,O'Neil,https://www.linkedin.com/in/perry-o-neil-01976a4,,"Geospatial Consulting Group International, LLC (geocgi)",Azure and AWS SME / Cloud Policy Analyst,21 Feb 2011
Dalia,Asterbadi,https://www.linkedin.com/in/daliaasterbadi,,McEwen Inc.,Director,17 Feb 2011
Tom,Appleton,https://www.linkedin.com/in/tom-appleton-03a8b621,,"DeHavilland, Bombardier, Piaggio Aero",Retired,07 Feb 2011
Hassan,Wong,https://www.linkedin.com/in/hassanwong,,Future Post (2011),General Manager,19 Jan 2011
Horia,Balog,https://www.linkedin.com/in/horiabalog,,TD,Senior Agile Coach,13 Jan 2011
Richard,Kun,https://www.linkedin.com/in/richardkun,,,,02 Jan 2011
dennis,peckham,https://www.linkedin.com/in/dennis-peckham-5322a928,,Retired after 22 years of media production!,boss,02 Jan 2011
Mark,Harris,https://www.linkedin.com/in/harrisvhrc,,Retired,Retired,17 Dec 2010
Scott,Higgins,https://www.linkedin.com/in/schiggins,,Megladon LLC,Interactive Programming,29 Nov 2010
Jim,Dickerman,https://www.linkedin.com/in/jimdickerman,,BLINQ Networks,Vice President of Engineering,29 Oct 2010
Karla,Weissenfluh,https://www.linkedin.com/in/karlaweissenfluh,,Telesis7 Management Consulting,"Talent Management and HR, and Senior Recruiter",29 Oct 2010
Peter,Wallace,https://www.linkedin.com/in/peter-wallace-3a0b1220,,Four Point Financial,"Partner, Director Employee Benefits",29 Oct 2010
Mark,Drummond,https://www.linkedin.com/in/mark-drummond-28469b,,Blank,Lifelong Learner,29 Oct 2010
Wade,Weppler,https://www.linkedin.com/in/wade-weppler-98ba611,,WW Works,CEO / CTO,29 Oct 2010
Trevor,Mayoh,https://www.linkedin.com/in/trevormayoh,,Equity Leaders,Principal Consultant,29 Oct 2010
Sajjan,Deogon,https://www.linkedin.com/in/sajjansd,,Retailbridge,Founder,29 Oct 2010
Wally,Boonstra,https://www.linkedin.com/in/wally-boonstra-737b6721,,Excel Heating and Air Conditioning.,President,19 Aug 2010
Mike,Adler,https://www.linkedin.com/in/madler200015,,Altigo Partners,Founding Partner,18 Aug 2010
Kevin,Dwyer,https://www.linkedin.com/in/kevindwyer2,,Kevin Thomas Dwyer Ltd,Dew Sweeper,18 Aug 2010
Adrian,Garrett,https://www.linkedin.com/in/adriangarrett,,team.blue NL,"Chief Revenue Officer (CRO), Netherlands",18 Aug 2010
Ron,Buckman,https://www.linkedin.com/in/ron-buckman-aaba9011,,SCORE Mentors Greater Phoenix ,SCORE Mentor,25 Jul 2010
Ian,Suttie,https://www.linkedin.com/in/iansuttie,,eLengo Academy,Founder & CFO,21 Jul 2010
Laurentiu,Hirsescu,https://www.linkedin.com/in/hirsescu,,PMI Southern Ontario Chapter,Member,21 Jul 2010
Chris,Kay,https://www.linkedin.com/in/chrisjkay,,Multiplicity,CEO,21 Jul 2010
Adlane,Fellah,https://www.linkedin.com/in/adlanefellah,,"Maravedis, LLC",Helping customers with wireless infrastructure analysis and lead generation,19 May 2010
Jeff,Richmond,https://www.linkedin.com/in/nafor,,NAFOR Inc.,President,13 May 2010
Gordon,Shaw,https://www.linkedin.com/in/gordon-shaw-243146,,EQT Group,Partner,25 Apr 2010
Jonathan,Deutsch,https://www.linkedin.com/in/jonathandeutsch,,Wenham Carter,COO,24 Apr 2010
Phoenix,Kuo Kong,https://www.linkedin.com/in/phoenix-kuo-kong-b554128,,Tekronto Global Inc. ,CEO,22 Apr 2010
Marcus,Akhtar,https://www.linkedin.com/in/marcus-akhtar-79281011,,Abbotsford Police Foundation,Vice President,13 Apr 2010
Ian,Garmaise,https://www.linkedin.com/in/igarmaise,,Venture Cooperative,Venture Fellow | Cohort 6,08 Apr 2010
,,,,,,23 Mar 2010
Bob,Paajanen,https://www.linkedin.com/in/bob-paajanen-a50a6710,,DXC Technology,Canadian Sales Director,05 Mar 2010
Satyen,Rajendra,https://www.linkedin.com/in/satyen-rajendra-06862a1,,Sobeys,Project Management Consultant,21 Feb 2010
Kathy,Bilous,https://www.linkedin.com/in/kathybilous,,Send Out Cards,Senior Distributor,11 Feb 2010
Mohammad Safeer,Siddiqui,https://www.linkedin.com/in/safeersiddiqui,,3rdeyeBridge,Director of Business Development,25 Jan 2010
Jay,Kunarathnam,https://www.linkedin.com/in/jaykunarathnam,,Malar Group,Chief Information Officer,25 Jan 2010
Sacha,Bye,https://www.linkedin.com/in/sachabye,,Ontario Health,"Director, Product Management & Delivery (HCC, Primary Care Data, OHT Integrated Platforms)",25 Jan 2010
Shakeel U.,Khan,https://www.linkedin.com/in/shakeelukhan,shakeelkhan@hotmail.com,Hulu,Engineering,25 Jan 2010
Chris,Derose,https://www.linkedin.com/in/chris-derose-38a57113,,Dorean Technologies,President/ Founder,25 Jan 2010
Mark,Scutella,https://www.linkedin.com/in/markscutella,,Pinstripe Painting Co.,Owner,21 Jan 2010
Tony,"Scutella,  BA, MA, CIM",https://www.linkedin.com/in/tonyscutella,,The Shifting Mindsets Consulting Alliance,Chief Consultant and Leadership Coach,20 Jan 2010
Harprit  K,Saini,https://www.linkedin.com/in/harprit,,Novartis,"Director, Product Owner Marketing Cloud",18 Jan 2010
Joseph,Rossano,https://www.linkedin.com/in/joseph-r-14518b12,,L'Aquila Electronic Systems Inc.,President,13 Jan 2010
Robin,King,https://www.linkedin.com/in/robin-king-8192081,,Detao Masters Academy,Director: Institute for Animation and Creative Content,10 Dec 2009
Lee,Thomas,https://www.linkedin.com/in/lee-thomas-01860113,,"Graphic Packaging International, LLC",Corporate Facilities Manager,23 Nov 2009
Grégory,Boutin,https://www.linkedin.com/in/gregboutin,,Relay Platform,CEO,13 Nov 2009
Dan,Eddington,https://www.linkedin.com/in/daneddington,,USHEALTH Advisors,Divisional Sales Leader,11 Nov 2009
Craig,Hayashi,https://www.linkedin.com/in/craighayashi,,Click Capital Corporation,Managing Partner,11 Nov 2009
Wayne Victor ,Cook,https://www.linkedin.com/in/waynevcook,,Wayne Cook Professional Speaker “Living a Values Based Life”,Motivational Speaker Executive Coach Professional Speaker Corporate Training Consultant,09 Nov 2009
Kim,Vu,https://www.linkedin.com/in/kim-vu-5984b117,,Primary Ethics Ltd,Volunteer Teacher,07 Nov 2009
,,,,,,28 Oct 2009
Terence,Chan,https://www.linkedin.com/in/terence-c-3378a0b,,Densify,Development Manager,28 Oct 2009
Richard,Reiner,https://www.linkedin.com/in/richardreiner,,CC Stratus Capital,Founding Partner,16 Oct 2009
Stephen,Dixon,https://www.linkedin.com/in/stephen79,,Clik2pay,Head of Partnerships,16 Oct 2009
Shad,Sharma,https://www.linkedin.com/in/shad-sharma,,Koso Labs,Co-Founder,13 Oct 2009
Niko,Kacikanis,https://www.linkedin.com/in/nikokacikanis,,Enbridge,Unix SDA,09 Oct 2009
Keith,"Narsansky, PMP",https://www.linkedin.com/in/keithn1,,Vineland Growers' Co-operative,IT Systems Specialist,02 Oct 2009
Ann,Mulvale,https://www.linkedin.com/in/ann-mulvale-25629011,,British Canadian Chamber Trade and Commerce,Executive Director,30 Sep 2009
Bryan,Watson,https://www.linkedin.com/in/cleantechnorth,,Venbridge,Senior Vice President of Business Development,29 Sep 2009
Hugh,Black,https://www.linkedin.com/in/hughblack,,HMB Communications Group,Principal,28 Sep 2009
Paul,Gilchrist,https://www.linkedin.com/in/paul-gilchrist-70066,,VisionMAX,VP Technology,28 Sep 2009
Diana,Kemp,https://www.linkedin.com/in/dianakemp,,"Dominant Capital, Inc.",Processor/Executive Assistant,25 Sep 2009
Mike,Gianfriddo,https://www.linkedin.com/in/mike-gianfriddo-40331a16,,"Dominant Capital, Inc.",CEO,24 Sep 2009
Cheryl,Scoffield,https://www.linkedin.com/in/cherylscoffield,,Kickstart Your Company,Sales & Funnel Technology Set Up to Sell & Ready to Grow | Kajabi Funnels,18 Sep 2009
Rob,Quarton,https://www.linkedin.com/in/robquarton,,INZIGHT,Product Manager,16 Sep 2009
Anthony,Bates,https://www.linkedin.com/in/anthonybates1,,BMO Financial Group,Senior Recruitment Partner - Technology & Digital,15 Sep 2009
Richard,Warren,https://www.linkedin.com/in/richard-warren-8966047,,Adder Technology,Senior Software Engineer,09 Sep 2009
Orlando,Salvador,https://www.linkedin.com/in/orlandosalvador,,Private,Consultant,09 Sep 2009
Bob,Giddy,https://www.linkedin.com/in/bob-giddy-18494b,,Ramehead Ltd,Founder,03 Sep 2009
Carolyn,Hudson,https://www.linkedin.com/in/carolyn,,HeadSource International,Talent Acquisition Consultant,24 Aug 2009
David,Tran,https://www.linkedin.com/in/davidtran3,,Mood Science ,Head Of Innovation,17 Aug 2009
Phil,Colby,https://www.linkedin.com/in/phil-colby-3a262110,,Full Circle Fiber Partners,VP Special Projects / Business Development,14 Aug 2009
Tim,"Empringham, MBA",https://www.linkedin.com/in/succeedsooner,,Brock University,Member of the Board of Trustees,13 Aug 2009
Paul,Fellows,https://www.linkedin.com/in/paul-fellows-8a62759,,Cambridge Astronomical Association,Chairman,05 Aug 2009
James,Cape,https://www.linkedin.com/in/james-cape-459b732,,Wild & Free,Trustee,03 Aug 2009
Rick,Sailor,https://www.linkedin.com/in/rick-sailor,,"S&S Solutions, LLC",Co-Founder,30 Jul 2009
Pierre,Sarault,https://www.linkedin.com/in/pierre-sarault-198924,,PSIT Inc. Montreal,"Owner, Project Manager, Business Analyst, Consultant, Resource",29 Jul 2009
Rory,Ardagh,https://www.linkedin.com/in/rardagh,,SIRO,Head of Regulatory Affairs,29 Jul 2009
Brian,Vezzani,https://www.linkedin.com/in/brianvezzani,,Razor Technical Staffing,Managing Partner - Human Resources Manager,27 Jul 2009
Dimitri,Alexander,https://www.linkedin.com/in/dimitri-alexander-47174,,Sun Life Financial,"Director, Enterprise Continuity Management",06 Jul 2009
Dragica,Grbavac Robinson,https://www.linkedin.com/in/dragicag,dragica@uvidi.ca,Uvidi Management Solutions,Executive Consultant & Coach | Facilitator | Helping companies turn strategy into results ,01 Jul 2009
Alexander,Turlov,https://www.linkedin.com/in/aturlov,,ObjectSharp (a Centrilogic Company),Senior Consultant,27 Jun 2009
Moira,Wallace,https://www.linkedin.com/in/moirawallace,,Wallace Law,Chief Loophole Advisor & Notary Public,27 Jun 2009
Yang,Yu,https://www.linkedin.com/in/mryangyu,,Micromart,Chief Executive Officer,26 Jun 2009
Tyler,Vicino,https://www.linkedin.com/in/tyler-vicino-4b035013,,TEKsystems,Sr. Account Executive - Government Services (GTA Lead),26 Jun 2009
Serguei,Lomovtsev,https://www.linkedin.com/in/slomovtsev,,Altair,Senior Vice President Product Engineering,26 Jun 2009
Frank,Huggins,https://www.linkedin.com/in/frankhuggins,,Evolving Senior,Retired Guy,10 Jun 2009
Dan,Ziegler,https://www.linkedin.com/in/danziegler1,,A5E Consulting,Director of Sales,10 Jun 2009
Michael,Beirne,https://www.linkedin.com/in/michael-beirne-5507309,,Arcaseum,Owner,10 Jun 2009
Penny,Power OBE,https://www.linkedin.com/in/pennypower,penny@pennypower.co.uk,Business is Personal,Founder,22 May 2009
Tori,Vu,https://www.linkedin.com/in/torivu,,"NSW Department of Planning, Housing and Infrastructure","Principal Policy Officer, Investment, Governance and Housing Accord",28 Apr 2009
Sean,Aronson,https://www.linkedin.com/in/sean-aronson-6513524,,RBC,Manager Global Event Monitoring & Automation,01 Apr 2009
David,Krosel,https://www.linkedin.com/in/david-krosel-ba30531,,Aletha Corp,Lead Solutions Architect,07 Mar 2009
Timothy,Dixon,https://www.linkedin.com/in/timothy-dixon-07a82,,"Sheck Hillel Private School, a Private Univ., BioSpecifics, VaxGen, PDL, Armour Casas, and Others.",Interim CFO/Consultant,17 Feb 2009
Michael,Brideaux,https://www.linkedin.com/in/michael-brideaux-5a29261,,Semtech,Senior Director of Sales Operations,06 Feb 2009
Alan,Quayle,https://www.linkedin.com/in/alanquayle,,Alan Quayle Business & Service Development,Owner,05 Feb 2009
"Sonya Kaute,",Real Estate Investments,https://www.linkedin.com/in/sonyakaute,,HomeLife Realty Services Inc. ,Pre Construction Real Estate,02 Jan 2009
Jack,Matthews,https://www.linkedin.com/in/jack-matthews-4230b04,,Lodestone Energy,Chairman,21 Dec 2008
Gregg,Perry,https://www.linkedin.com/in/gregg-p-269a0b8,,Mandrake,Partner,01 Dec 2008
Greg,"Milley, P.Eng.",https://www.linkedin.com/in/greg-milley-p-eng-938924,,iA Private Wealth, Senior Wealth Advisor,29 Nov 2008
Elie,Younes,https://www.linkedin.com/in/elie-younes-a0092b1,,National Bank of Canada,Senior telecom consultant,21 Nov 2008
Simon,Wilder,https://www.linkedin.com/in/simon-wilder-2674788,,voestalpine Signaling,Vice President - Customer Management - Sales,13 Nov 2008
Dan,Vukobrat,https://www.linkedin.com/in/danvukobrat,,Fanshawe College,Teaching Professional,08 Nov 2008
Neil,Remington,https://www.linkedin.com/in/neil-remington-5160724,,Altus Group,Business Analyst,29 Oct 2008
Fernando,Calero,https://www.linkedin.com/in/fcalero,,RFI Technology Solutions (RF Industries Pty Lt,SAE Manager,27 Oct 2008
Roy,Kirsopp,https://www.linkedin.com/in/roykirsopp,,EDMI Limited,Group Chief Executive Officer,27 Oct 2008
Sing Yoong,Khew,https://www.linkedin.com/in/sing-yoong-khew-4b9022b,,Amazon,Software Development Manager,09 Oct 2008
James,Conboy,https://www.linkedin.com/in/jamesconboy,,DDR Capital,Managing Director / Co-Founder,09 Oct 2008
Steve R.,Williams,https://www.linkedin.com/in/srwilliams73,,RTC Inc.,Director- Client Services/Resource Manager,08 Oct 2008
Tim,Ernewein,https://www.linkedin.com/in/tim-ernewein-0556555,,Tactic Consulting,Consultant,08 Oct 2008
Edward O.,Ndububa,https://www.linkedin.com/in/edward-o-ndububa-185488,,SCGI Canada Group LTD/SGNT Technologies Inc.:  and CCWI-CANADA (2010 - Present),Group Chief Executive Officer (SCGI/SGNT) and Interim-CEO at CCWI-CANADA,08 Oct 2008
Scott,Germaise,https://www.linkedin.com/in/scottgermaise,,"Blockchains, Inc.","VP, Product",08 Oct 2008
Ruby,Maini,https://www.linkedin.com/in/ruby-maini-406b92,,HR Strategies Consulting Inc.,CEO & President,08 Oct 2008
Stephen,Belton,https://www.linkedin.com/in/stephen-belton-a241712,,Cisco Systems,Business Development/Customer Program Manager,05 Oct 2008
Dorian,Pula,https://www.linkedin.com/in/dorianpula,,Points,DevOps SysAdmin,02 Oct 2008
Steve,Renne,https://www.linkedin.com/in/steverenne,,Zayo Group,IT Vendor & Contracts,01 Oct 2008
Dara,Bowser,https://www.linkedin.com/in/darabowser,,Bowser Technical Inc,Principal Consultant,01 Oct 2008
,,,,,,29 Sep 2008
Michael,"Christensen, MBA",https://www.linkedin.com/in/michaelvchristensen,,MVC Financial Systems,Founder,29 Sep 2008
Tom,Eagles,https://www.linkedin.com/in/tomeagles,tom@tomeagles.com,WriteGuy Consulting,Owner & Principal Consultant - Pursuit & Proposal Management,29 Sep 2008
Robert,Triffo,https://www.linkedin.com/in/roberttriffo,,TD,"Senior Architect, Segment Architecture - Corp IT",28 Sep 2008
Steve,Dujmovic,https://www.linkedin.com/in/steve-dujmovic-90ba693,,Actel Consulting (SARL),Principal Consultant,28 Sep 2008
Jerald,Baker,https://www.linkedin.com/in/jeraldbaker,,MoTek Technologies,President/CEO,25 Sep 2008
Daryl,Daley,https://www.linkedin.com/in/daryl-daley-techrecruiter-hiresmarttech,,Intelligent Minds Search Consultants,Tech Recruiter | Builder of High-Performance Teams | Career Coach,23 Sep 2008
Matthew,Bailey,https://www.linkedin.com/in/mrbrit,,TPG Consulting,Senior Consultant,22 Sep 2008
DR. CINDY,GORDON ICD.D.,https://www.linkedin.com/in/drcindygordon,,SalesChoice Inc.,CEO and Founder,18 Sep 2008
Pete,Childs,https://www.linkedin.com/in/pete-childs-b3b5b7a,,Ilminster Auto Body Repairs,Owner,16 Sep 2008
Graham,Friend,https://www.linkedin.com/in/grahamfriend,,Coleago Consulting,Managing Director,16 Sep 2008
David,Nagy,https://www.linkedin.com/in/david-nagy-4416939,,Self-employed,Retired IT ,15 Sep 2008
Thomas,Priore,https://www.linkedin.com/in/tompriore,,Comcast,"Director Of Product Management - Integrated Security, Authorization, & Access",15 Sep 2008
Michael,Murphy,https://www.linkedin.com/in/michaelmurphy08,,Medical and Handicap Equipment Services,Regional Sales Manager,15 Sep 2008
RJ (Rene),Juneau,https://www.linkedin.com/in/rj-rene-juneau-42a3461,,Maxxian Integration Inc.,CEO and CTO,15 Sep 2008
Gay,Miller,https://www.linkedin.com/in/gaymiller,,Miller Gleann Consulting,Sr. Business/Strategy Consultant,15 Sep 2008
Andrew,Yearwood,https://www.linkedin.com/in/ayearwood,,Manulife,Sr. Talent Acquisition Recruitment Consultant,11 Sep 2008
Jeff,Selub,https://www.linkedin.com/in/jeffselub,,CSG International,Director - Analyst Relations,09 Sep 2008
,,,,,,09 Sep 2008
Tom,Friehe,https://www.linkedin.com/in/tomfriehe,,CSG,Lead Project Manager,09 Sep 2008
Timothy,Adler,https://www.linkedin.com/in/timadler,,CRWDWORLD,Platinum Distributor and Reseller,24 Jul 2008
Ilkka,Pouttu,https://www.linkedin.com/in/ilkkapouttu,,My Sauna Plus,Owner,12 Jun 2008
David,Tabatchnick,https://www.linkedin.com/in/davidtabatchnick,,Business Development Bank of Canada (BDC),"Senior Client Partner, BDC Advisory Services ",10 Jun 2008
Graham,Silver,https://www.linkedin.com/in/graham-silver-4510964,,Vidiax Consulting,Director,10 Jun 2008
Ann,"Stormer McCook, CIR",https://www.linkedin.com/in/annstormermccook,mccookfamily@gmail.com,Velocity HR Solutions,Senior Talent Acquisition Consultant,04 Jun 2008
Colin,Aitken,https://www.linkedin.com/in/colinaitken,,Agilica Consulting,Founder and Managing Partner,04 Jun 2008
Chris,Michaelson,https://www.linkedin.com/in/digitalmediachris,,PwC,Architecture Leader,04 Jun 2008
Peter,Ratsch,https://www.linkedin.com/in/peter-ratsch-b2a5631,,Bell,Director Labour Strategy - Network Technology Systems (NTS) at Bell Canada ,01 May 2008
Luc,Soonius,https://www.linkedin.com/in/lucsoonius,,eXPD8 Field Marketing,Display Rep,21 Apr 2008
Melodye,Friedman,https://www.linkedin.com/in/melodyefriedman,melodyefriedman@rogers.com,FRC,Recruitment Specialist and Consultant - melodyefriedman@rogers.com,30 Mar 2008
Linda,"Smith, HBA",https://www.linkedin.com/in/lindabethsmith,,CAREER ASPIRATIONS,Recruiter & Talent Manager - currently hiring HCM Sales Executives,30 Mar 2008
Claire,Walsh,https://www.linkedin.com/in/coachclairewalsh,,BRAVANTI,Senior Career Transition Coach at Bravanti ,28 Mar 2008
Lucas,SKOCZKOWSKI,https://www.linkedin.com/in/lskoczkowski,,Red Lane Group,Managing Partner,06 Mar 2008
Margaret,Vokes,https://www.linkedin.com/in/margaret-vokes-86086a,,Global Reach Enterprises Inc.,President,18 Feb 2008
Daniel,Kaute,https://www.linkedin.com/in/danielkaute,,Evoralis Limited,Director and CEO,21 Jan 2008
Brian,"Rosenberg, ACC",https://www.linkedin.com/in/brian-rosenberg-coach,,Untangled Consulting,Chief Untangler,03 Dec 2007
Ray,Winfield,https://www.linkedin.com/in/raywinfield,,Ooredoo Group,Management,03 Dec 2007
Alan,Hutchison,https://www.linkedin.com/in/ahutchison,,Keal Capital Corporation,President,28 Nov 2007
Sven,Ghyselinck,https://www.linkedin.com/in/svenghyselinck,,TNO,Entrepreneur in Residence,23 Nov 2007
Idan,Gafni,https://www.linkedin.com/in/idan-gafni-innovation-startups,,Idan Gafni,Entrepreneur in Residence,01 Nov 2007
John,Earley,https://www.linkedin.com/in/johnearley,,Netlife SaaS,Circularity,26 Oct 2007
Dave,Jones,https://www.linkedin.com/in/dave-jones-22350,,Vero Fiber Networks,Technical Advisor,25 Oct 2007
Carolyn,Anderson,https://www.linkedin.com/in/carolynanderson-revenuegrowthleader,,One Inc,"SVP and General Manager, Canada",23 Oct 2007
Nick,Sutherland,https://www.linkedin.com/in/npsutherland,,OctaiPipe,Customer Success Manager,22 Oct 2007
Kevin,Neely,https://www.linkedin.com/in/kevin-neely-0771584,,CommScope,"Director of Product Management, Managed Wi-Fi",20 Oct 2007
David,McDougall,https://www.linkedin.com/in/david-stuart-mcdougall,,Visionmax Solutions Inc. (www.visionmax.com),President & C.E.O.,20 Oct 2007
Phillip,Taylor,https://www.linkedin.com/in/phillip-ysn-cybersecurity-consultant,,YSN,Cyber Security Specialist,15 Oct 2007
Julian,Griffith,https://www.linkedin.com/in/juliangriffith,,Cochlear,"Manager, Marketing Platforms - CRM",12 Oct 2007
Shawn,Pucknell,https://www.linkedin.com/in/pucknell,,FITC,Founding Director,08 Oct 2007
Arthur,Mimnaugh,https://www.linkedin.com/in/artmimnaugh,,Egnyte,Senior Director Strategic Alliances and Corporate Development,08 Oct 2007
Jean-Paul,Dorion,https://www.linkedin.com/in/jeanpauldorion,,CoStar Group,Sr Sales Executive,25 Sep 2007
Andrew,Kalek,https://www.linkedin.com/in/andrewkalek,,Hyper,Principal Engineer,19 Sep 2007
Stephen,Wolak,https://www.linkedin.com/in/stevewolak,,Giesecke+Devrient,Product Management Director eSIM,10 Sep 2007
Kemal,Altintas,https://www.linkedin.com/in/altintas,,Samsung Research America (SRA),AI Product Management Leader,03 Sep 2007
Robert,Cattermole,https://www.linkedin.com/in/robert-cattermole-549a46,,MAPCO Express,Recruiter,03 Sep 2007
Ollie,Ward,https://www.linkedin.com/in/ollieward,,Ascendo Sales Recruitment,GTM Talent Partner ,21 Aug 2007
George 👋,Albert,https://www.linkedin.com/in/geoalbert,,TeamRevenue,Co-Founder & Managing Partner,14 Aug 2007
Fred,Colucci,https://www.linkedin.com/in/fredcolucci,,The AVANTI Group,Founder,14 Aug 2007
Sophie,Le Masson,https://www.linkedin.com/in/sophielemasson,,French School of Detroit,Enseignante - lycée - remplaçante,13 Aug 2007
Sanjay,Singhal,https://www.linkedin.com/in/sanjaysinghalca,sanjay@sanjaysays.co,Sanjay Says,Writer,11 Aug 2007
Mark,Hallatt,https://www.linkedin.com/in/mark-h-7187891,,MEC Talent,Director,08 Aug 2007
Jason G.,Sanders,https://www.linkedin.com/in/jasongsanders,,Flycast,Managing Director,07 Aug 2007
Victoria,Yates,https://www.linkedin.com/in/victoriav1,,Scede,Senior Talent Partner,02 Aug 2007
Cindy,Wilcox,https://www.linkedin.com/in/cindywilcoxitperspectives,,IT Perspectives Inc.,"Principal, Information Technology Executive (A.Sc.T, ORMP)",31 Jul 2007
Mark,Gentry,https://www.linkedin.com/in/markgentry,,Alvaka - 24x7 IT support and ransomware recovery,Recruiter,19 Jul 2007
Larry,Smith,https://www.linkedin.com/in/kathbern,,Kathbern Management,President,19 Jul 2007
John L.,Evans,https://www.linkedin.com/in/johnevans,,EXECS Limited,MD / Founder,18 Jul 2007
John,Bennett,https://www.linkedin.com/in/johnbennett-rtg,,TES - The Employment Solution,Talent Acquisition Leader / Corporate Business Development Consultant,16 Jul 2007
Louis ,Lambert,https://www.linkedin.com/in/llambert,,6Harmonics,CEO & Director,07 Jul 2007
Paul,Rae,https://www.linkedin.com/in/paulrae1,,HP,"Director, Global Security Support & Cloud Services",06 Jul 2007
Frank,Rayal,https://www.linkedin.com/in/frankrayal,,Xona Partners,Partner,06 Jul 2007
Lee,Lipes,https://www.linkedin.com/in/leelipes,,Synerion North America Inc.,Chief Operating Officer,06 Jul 2007
Moody,Hashem,https://www.linkedin.com/in/moodyhashem,,FANCLB,Founder,06 Jul 2007
Kevin,Suitor,https://www.linkedin.com/in/kevinsuitor,,NetGnoSys,Founder & Managing Partner,05 Jul 2007
Andrew,Smyk,https://www.linkedin.com/in/andrewsmyk,,Sheridan College,"Program Coordinator, Interactive Multimedia Graduate Certificate",21 May 2007
Jeff,Tan,https://www.linkedin.com/in/jeff-tan-68ab732,,Symbolic Energy,Chief Executive Officer,13 May 2007
Paulette,James Anderson,https://www.linkedin.com/in/paulette-james-anderson-4432533,,Organic Inc,Talent Scout,09 May 2007
Mike,Latham,https://www.linkedin.com/in/mikelatham,,Traveling,Retired (for now) - more like traveling!,30 Apr 2007
Yun Chao,Hu,https://www.linkedin.com/in/yun-chao-hu-864a50,,Open Edge and HPC Initiative,Member Board of Directors,27 Mar 2007
John,Hoagland,https://www.linkedin.com/in/johoagland,,Vardis,Partner,15 Mar 2007
Christina,Scott,https://www.linkedin.com/in/christina-scott-9974b31,,C.Scott & Associates Inc.,President,14 Mar 2007
Tom,Utley,https://www.linkedin.com/in/tomutley,,Arctic Wolf Networks,Senior Sales Engineer,13 Mar 2007
Martin,Neville-Smith,https://www.linkedin.com/in/martin-neville-smith-b968982,,Home,Precious metal trader,13 Mar 2007
Michael A.,Keltai,https://www.linkedin.com/in/michaelkeltai,,Retired,Retired,09 Mar 2007
Oliver,Peckham,https://www.linkedin.com/in/opeckham,,Dogstar Digital,Director,02 Mar 2007
Philip,Randerson,https://www.linkedin.com/in/philip-randerson-14922b,,HotTopics,Founder & CEO,23 Feb 2007
James,Griffin,https://www.linkedin.com/in/jamesgriffin,,Solomon Search Partners,𝐇𝐞𝐚𝐝𝐡𝐮𝐧𝐭𝐞𝐫 ▶ Matching the best talent with the best teams.,14 Feb 2007
Deane,Baron,https://www.linkedin.com/in/deanebaron,,The Florida CFO Group,Partner,05 Feb 2007
,,,,,,20 Jan 2007
Luc,Soonius,https://www.linkedin.com/in/luc-soonius-6243831,,Amino Communications Ltd,Reg Sales Manager,20 Jan 2007
,,,,,,08 Jan 2007
John,W. Syed,https://www.linkedin.com/in/jwsyed,,Deep48 | Advance Technology Consultants,Managing Director,18 Dec 2006
Dominig,ar Foll,https://www.linkedin.com/in/fridu,,Self-employed,Skipper - Yacht Master Offshore,08 Dec 2006
Ian,Gavaghan,https://www.linkedin.com/in/ian-gavaghan-0499881,,Ian Gavaghan Law Office,Lawyer,05 Dec 2006
Sandy,Perlman,https://www.linkedin.com/in/sandyperlman,,Apple,Senior Technical Recruiter,09 Aug 2006
Sally-Jane,Kruger,https://www.linkedin.com/in/sally-jane-kruger-23ab5,,Oleander Services,Technical Recruitment Consultant,09 Aug 2006
Hamish,Sutherland P. Eng ,https://www.linkedin.com/in/hamishsutherland,,Altopa,"Chair, Altopa Inc.",03 Jun 2006
Giles,Dovaston,https://www.linkedin.com/in/gilesdovaston,,yosocial,Founding Director,03 Jun 2006
Olivier,Yiptong,https://www.linkedin.com/in/oyiptong,,Airbnb,Software Engineer,19 Apr 2006
Kurt,Scholl,https://www.linkedin.com/in/kurts1,,"Knowledge Management, Inc. (KMI)",Chief Operating Officer,02 Mar 2006
Penelope,Kaak,https://www.linkedin.com/in/penelope7,penelope@analogsolutions.com,Analog Solutions,Senior High-Tech Talent Sourcing ,13 Feb 2006
Sean,Schneyer,https://www.linkedin.com/in/seans,,Pure Storage,"Client Solutions Director, Telco",03 Feb 2006
Julie,Farr-Voller ,https://www.linkedin.com/in/juliefarrvoller,,Dataminr,"Director, Global Talent Acquisition",26 Jan 2006
Mike,Fox,https://www.linkedin.com/in/mike-fox-recruiter,,Brightlights,Retired,05 Jan 2006
Paul,Feldman,https://www.linkedin.com/in/paulfeldman,,Blattner Energy,Independent Director,01 Dec 2005
Ulf,Andersson,https://www.linkedin.com/in/uandersson,,Teleste,EVP & GM - Broadband Networks,31 Oct 2005
Jane,Johnson,https://www.linkedin.com/in/jane-johnson-858776,,Westbury Analytics,"General Manager, Americas",20 Sep 2005
Jim,Grillo,https://www.linkedin.com/in/jim-grillo-357a7,,Saint Josesph Hospital Foundation,Board Member,12 Aug 2005
Andrew,Kreig,https://www.linkedin.com/in/andrewkreig,,Eagle View Capital Strategies,Managing Director,02 Aug 2005
Jonas,Flodh,https://www.linkedin.com/in/jonasflodh,,Recurly,Head of Corporate Development & Strategic Partnerships,19 Jul 2005
Tom,Bobich,https://www.linkedin.com/in/tombobich,tombobich@gmail.com,Telemed Marketing LLC,Principal,18 Jul 2005
Patricia,Seybold,https://www.linkedin.com/in/patriciaseybold,,"African Food and Peace Foundation, 501(c)(3) USA",Chair,05 Jul 2005
Adrian,Pike,https://www.linkedin.com/in/adrian-h-pike,,West of England Combined Authority,Technical Advisor,30 Jun 2005
Tom,Dodds,https://www.linkedin.com/in/tom-dodds-36302a1,,,,28 Jun 2005
David,Vu,https://www.linkedin.com/in/david-vu-b52441,,TeleResources Engineering (Aust) Pty Ltd,Director Consulting,27 Jun 2005
Keith,Kocho,https://www.linkedin.com/in/keithkocho,,Groups Recover Together,Chief Product and Experience Officer,21 Jun 2005
Erik,Davis,https://www.linkedin.com/in/erikjdavis,,Salt XC,"Chief Product Officer, Salt Media",18 Jun 2005
Doyle,Gallegos,https://www.linkedin.com/in/doyle-gallegos-542a4,,Mindful Invest and Advisory Partners,Managing Director - Co Founder,14 Jun 2005
Joey,"Soltis, CPA, CFP",https://www.linkedin.com/in/joeysoltis,,IG Wealth Management,Advisor,13 Jun 2005
Sean,Dawson,https://www.linkedin.com/in/sedawson,,Bluelime Technical Services,Managing Partner,12 Jun 2005
John,Green,https://www.linkedin.com/in/john-green-26721,,TGG,President - Communications Industry,10 Jun 2005
Debbie,Schumacher,https://www.linkedin.com/in/debbieschumacherwireless,,"Electronic Search, Inc.",Director of Talent Acquisition,09 Jun 2005
Claudia,Mihkelson,https://www.linkedin.com/in/claudia-mihkelson-924585,,Convergencialatina,Commercial Manager,09 Jun 2005
Darren,"McKnight, MBA, CMAS",https://www.linkedin.com/in/darrenmcknight,,Forvis Mazars US,"Director, CFO & Business Consulting",09 Jun 2005
Alexander,Lawrence,https://www.linkedin.com/in/alexander-lawrence-4a14a1,,TelcoForge,Managing Director,09 Jun 2005
Steve,Eddington,https://www.linkedin.com/in/seddington,,"Electronic Search, Inc",President and Senior Search Executive,09 Jun 2005
Eliot,Weinman,https://www.linkedin.com/in/eliotweinman,,AI Tech Live,CEO/President,09 Jun 2005
Darren,Sissons,https://www.linkedin.com/in/darren-sissons-a6373a,,"Campbell, Lee & Ross Investment Management",Partner & Portfolio Manager Global Equities,09 Jun 2005
Brent,Finlay,https://www.linkedin.com/in/brent-finlay-392797,,B. Finlay Enterprises Inc. o/a BFE Financial Services,President,08 Jun 2005
"Robert Syputa,",robert at Maravedis com,https://www.linkedin.com/in/cloud4g,,"Maravedis Group LLC, YourDeal",Owner,08 Jun 2005
Carl,Schumacher ,https://www.linkedin.com/in/wirelessexecrecruiter,,"Electronic Search, Inc.",Director Recruiting & Client Services | Technology | Wireless | Telecommunications,08 Jun 2005
Robert,Bratulic,https://www.linkedin.com/in/robertbratulic,,Fujitsu,"Senior Director, Business Consulting",08 Jun 2005
Peter,Bentley,https://www.linkedin.com/in/pwbentley,,PATERO Inc. - Quantum Secure Communications,Chief Operating Officer,08 Jun 2005
Bill,Farkas,https://www.linkedin.com/in/bill-farkas-601476,,Sheridan Institute of Technology,Professor/Coordinator,08 Jun 2005
Joanne,Lister,https://www.linkedin.com/in/joannelister,,Sun Life,"Director, User Experience Design",08 Jun 2005
Frank,Gerlach,https://www.linkedin.com/in/frankgerlach1,,InSitely.ai,Founder,08 Jun 2005
Dianne,Dranginis,https://www.linkedin.com/in/dianne-dranginis-339416,,"Projecta Consulting, LLC",Program Management Consultant,07 Jun 2005
Jovan,Cvejic,https://www.linkedin.com/in/jovancvejic,,Parador Interactive Inc.,"President, CEO",07 Jun 2005
Probal,Lala,https://www.linkedin.com/in/proballala,,Maple Leaf Angels Corporation,Board Member/ Past Board Chair,07 Jun 2005
Michael,Brackpool,https://www.linkedin.com/in/michaelbrackpool,,STX Group,Chief Product Officer - Climate Tech Solutions ,06 Jun 2005
Isaac,Barkel,https://www.linkedin.com/in/isaac-barkel-813479,,"Spinakr Solutions, LLC",Principal Solutions Consultant,02 Jun 2005
Tony ,Fish,https://www.linkedin.com/in/tonyfish,,Decision Making In Uncertain Times,Author,17 May 2005
Rodrigo,Madriz,https://www.linkedin.com/in/rmadriz,,TMT LAB,"Co-Founder, CEO",03 Dec 2004
Peter,Turcaj,https://www.linkedin.com/in/peterturcaj,,ptC,CHIEF MARKETING OFFICER,03 Dec 2004
Roger,Hamilton,https://www.linkedin.com/in/rogerhamilton,,Genius Group Ltd,Founder,01 Dec 2004
Paul,Dancer,https://www.linkedin.com/in/paul-dancer-b94159,paulanthonydancer@gmail.com,Devon & Cornwall Food Action,Pro Bono Programme Manager - Supply Chain and Logistics,11 Oct 2004
Jeremy,Bell,https://www.linkedin.com/in/jeremybell,,Apple,Sr. Engineering Manager,01 Sep 2004
Fabrizio,Candoni,https://www.linkedin.com/in/candoni,,Wegreenit SpA,"Chairman, CEO",16 Jul 2004
Vernon,Kenley,https://www.linkedin.com/in/vernon-kenley-b71113,,"Global Telecom Associates, LLC",Principal,26 May 2004
Maurie,Dobbin,https://www.linkedin.com/in/mauriedobbin,,TeleResources Engineering (Aust) Pty Ltd,Managing Director,05 May 2004
Thomas,Power,https://www.linkedin.com/in/thomaspower,thomas@bip100.club,Business is Personal,Founder BIP100 Club,05 May 2004
Heather,Cartwright,https://www.linkedin.com/in/heathermcartwright,,Logixsource Consulting Ltd.,CEO & Management Consultant,10 Mar 2004
,,,,,,04 Mar 2004
Thomas,Dodds,https://www.linkedin.com/in/thomas-dodds-4299a,,"Pepper Telecom, LLC",Owner,20 Feb 2004
Kurt,Jonckheer,https://www.linkedin.com/in/kurt-jonckheer-a38b2,,Klarrio GmbH,CEO a.i.,20 Feb 2004
Malcolm,Campbell,https://www.linkedin.com/in/malcolmcampbell,,I&M Industries,Managing Director,20 Feb 2004
Thomas,Jarne,https://www.linkedin.com/in/thomas-jarne,,Eltel Networks,Vice President Of Business Development,06 Feb 2004
Dean,Fresonke,https://www.linkedin.com/in/fresonke,,"Communication Technology Services, LLC",Vice President of Channel Development,06 Feb 2004
Osmo,Hautanen,https://www.linkedin.com/in/santtino,,"Anelto, Inc.",Advisory Board Member,05 Feb 2004
Bill,Elsner,https://www.linkedin.com/in/bill-elsner-5aa92,,Telecom Partners,Manager,05 Feb 2004
David,Fraser,https://www.linkedin.com/in/davidfraser,,brightblue,Founder and Joint CEO,05 Feb 2004