Endorsement Date,Skill Name,Endorsee First Name,Endorsee Last Name,Endorsee Public Url,Endorsement Status
2025/04/14 15:53:44 UTC,Marketing,Martin,Neville-Smith,www.linkedin.com/in/martin-neville-smith-b968982,ACCEPTED
2025/04/14 15:53:40 UTC,Product Development,Martin,Neville-Smith,www.linkedin.com/in/martin-neville-smith-b968982,ACCEPTED
2025/04/14 15:53:38 UTC,Strategic Planning,Martin,Neville-Smith,www.linkedin.com/in/martin-neville-smith-b968982,ACCEPTED
2025/04/14 15:53:35 UTC,Networking,Martin,Neville-Smith,www.linkedin.com/in/martin-neville-smith-b968982,ACCEPTED
2025/04/14 15:53:28 UTC,Business Strategy,Martin,Neville-Smith,www.linkedin.com/in/martin-neville-smith-b968982,ACCEPTED
2025/04/14 15:53:24 UTC,Project Management,Martin,Neville-Smith,www.linkedin.com/in/martin-neville-smith-b968982,ACCEPTED
2018/08/21 16:55:04 UTC,Selling,Guy,Gagne,www.linkedin.com/in/guy-gagne-6308582a,ACCEPTED
2018/08/21 16:54:53 UTC,Manufacturing,Guy,Gagne,www.linkedin.com/in/guy-gagne-6308582a,ACCEPTED
2018/08/21 16:54:38 UTC,Start-ups,Guy,Gagne,www.linkedin.com/in/guy-gagne-6308582a,ACCEPTED
2015/02/23 19:04:33 UTC,Mobile Communications,Stephen,Wolak,www.linkedin.com/in/stevewolak,ACCEPTED
2015/02/23 19:04:28 UTC,Entrepreneurship,Steve,Halstedt,www.linkedin.com/in/steve-halstedt-28229018,PENDING
2015/02/23 19:04:25 UTC,Product Management,Bill,Trikas,www.linkedin.com/in/bill-trikas-a2467a41,PENDING
2015/02/23 19:04:12 UTC,Strategy,Hugh,Black,www.linkedin.com/in/hughblack,ACCEPTED
2015/02/23 19:04:11 UTC,Construction,Gary,Baxter,www.linkedin.com/in/gary-baxter-a0244133,ACCEPTED
2015/02/23 19:04:08 UTC,Product Management,Huw,Price-Stephens,www.linkedin.com/in/huw-price-stephens-80771b1a,ACCEPTED
2015/02/23 19:04:06 UTC,Condos,Simone,Frank,www.linkedin.com/in/simone-frank-67561215,ACCEPTED
2015/02/23 19:03:58 UTC,Product Management,Stephen,Wolak,www.linkedin.com/in/stevewolak,ACCEPTED
2015/02/23 19:03:50 UTC,Portfolio Management,Darren,Sissons,www.linkedin.com/in/darren-sissons-a6373a,ACCEPTED
2015/02/23 19:03:35 UTC,Strategy,Ron,Resnick,www.linkedin.com/in/ron-resnick-532189,ACCEPTED
2015/02/23 19:03:33 UTC,Telecommunications,Kevin,Broadfoot,www.linkedin.com/in/kevin-broadfoot-a505041,ACCEPTED
2015/02/23 19:03:28 UTC,Strategy,Mike,Monteith,www.linkedin.com/in/mike-monteith-47a57b18,ACCEPTED
2015/02/23 19:03:23 UTC,Executive Management,Vernon,Kenley,www.linkedin.com/in/vernon-kenley-b71113,PENDING
2015/02/23 19:03:21 UTC,Telecommunications,Jean-Paul,Dorion,www.linkedin.com/in/jeanpauldorion,ACCEPTED
2015/02/23 19:03:20 UTC,Coaching,Sven,Ghyselinck,www.linkedin.com/in/svenghyselinck,ACCEPTED
2015/02/23 19:03:01 UTC,Strategic Partnerships,Vernon,Kenley,www.linkedin.com/in/vernon-kenley-b71113,PENDING
2015/02/23 19:02:57 UTC,Management,Perry,O'Neil,www.linkedin.com/in/perry-o-neil-01976a4,ACCEPTED
2015/02/23 19:02:55 UTC,Marketing Strategy,Jack,Matthews,www.linkedin.com/in/jack-matthews-4230b04,ACCEPTED
2015/02/23 19:02:50 UTC,Capital Markets,Darren,Sissons,www.linkedin.com/in/darren-sissons-a6373a,ACCEPTED
2015/02/23 19:02:48 UTC,Management,Darren,"McKnight, MBA, CMAS",www.linkedin.com/in/darrenmcknight,ACCEPTED
2015/02/23 19:02:43 UTC,Strategy,David,Vu,www.linkedin.com/in/david-vu-b52441,ACCEPTED
2015/02/23 19:02:36 UTC,Recruiting,Carl,Schumacher ,www.linkedin.com/in/wirelessexecrecruiter,ACCEPTED
2015/02/23 19:02:24 UTC,Management,Jeff,Richmond,www.linkedin.com/in/nafor,ACCEPTED
2015/02/23 19:02:21 UTC,Digital Marketing,Jack,Matthews,www.linkedin.com/in/jack-matthews-4230b04,ACCEPTED
2015/02/23 19:02:18 UTC,Management,Carolyn,Anderson,www.linkedin.com/in/carolynanderson-revenuegrowthleader,ACCEPTED
2015/02/23 19:02:16 UTC,Management,David,McDougall,www.linkedin.com/in/david-stuart-mcdougall,ACCEPTED
2015/02/23 19:02:05 UTC,Product Management,Perry,O'Neil,www.linkedin.com/in/perry-o-neil-01976a4,ACCEPTED
2015/02/23 19:02:03 UTC,Mobile Devices,Brian,"Rosenberg, ACC",www.linkedin.com/in/brian-rosenberg-coach,ACCEPTED
2015/02/23 19:02:01 UTC,Requirements Analysis,Tom,Eagles,www.linkedin.com/in/tomeagles,ACCEPTED
2015/02/23 19:01:59 UTC,Telephony,Kevin,Broadfoot,www.linkedin.com/in/kevin-broadfoot-a505041,ACCEPTED
2015/02/23 19:01:56 UTC,Financial Modeling,Darren,Sissons,www.linkedin.com/in/darren-sissons-a6373a,ACCEPTED
2015/02/23 19:01:45 UTC,Business Analysis,Robert,Triffo,www.linkedin.com/in/roberttriffo,ACCEPTED
2015/02/23 19:01:41 UTC,Telecommunications,Tim,Spencer,www.linkedin.com/in/timspencer,ACCEPTED
2015/02/23 19:01:29 UTC,Business Strategy,Steve,Halstedt,www.linkedin.com/in/steve-halstedt-28229018,PENDING
2015/02/23 19:01:27 UTC,Start-ups,Bob,Giddy,www.linkedin.com/in/bob-giddy-18494b,ACCEPTED
2015/02/23 19:01:25 UTC,IT Strategy,David,Krosel,www.linkedin.com/in/david-krosel-ba30531,ACCEPTED
2015/02/23 19:01:23 UTC,Contract Negotiation,Gary,Baxter,www.linkedin.com/in/gary-baxter-a0244133,ACCEPTED
2015/02/23 19:01:21 UTC,Program Management,Thomas,Dodds,www.linkedin.com/in/thomas-dodds-4299a,PENDING
2015/02/23 19:01:13 UTC,Business Development,Adlane,Fellah,www.linkedin.com/in/adlanefellah,ACCEPTED
2015/02/23 19:01:08 UTC,Business Development,Michael,Murphy,www.linkedin.com/in/michaelmurphy08,ACCEPTED
2015/02/23 19:01:06 UTC,IT Strategy,Mike,Monteith,www.linkedin.com/in/mike-monteith-47a57b18,ACCEPTED
2015/02/23 19:01:04 UTC,Start-ups,Ron,Resnick,www.linkedin.com/in/ron-resnick-532189,ACCEPTED
2015/02/23 19:01:02 UTC,E-commerce,Yang,Yu,www.linkedin.com/in/mryangyu,ACCEPTED
2015/02/23 19:01:00 UTC,Coaching,Stephano,Kim,www.linkedin.com/in/stephano-kim-43a42958,PENDING
2015/02/23 19:00:58 UTC,Manufacturing,Stephen,Davies,www.linkedin.com/in/stephen-davies-0319823,ACCEPTED
2015/02/23 19:00:52 UTC,Strategic Partnerships,Mark,Anderson,www.linkedin.com/in/markandersonpredicts,ACCEPTED
2015/02/23 19:00:50 UTC,Telecommunications,Carl,Schumacher ,www.linkedin.com/in/wirelessexecrecruiter,ACCEPTED
2015/02/23 19:00:48 UTC,Film,Robin,King,www.linkedin.com/in/robin-king-8192081,PENDING
2015/02/23 19:00:42 UTC,Project Management,Michael,Murphy,www.linkedin.com/in/michaelmurphy08,ACCEPTED
2015/02/23 19:00:41 UTC,Management,Cheryl,Scoffield,www.linkedin.com/in/cherylscoffield,ACCEPTED
2015/02/23 19:00:39 UTC,Leadership,Osmo,Hautanen,www.linkedin.com/in/santtino,ACCEPTED
2015/02/23 19:00:36 UTC,Digital Media,Shawn,Pucknell,www.linkedin.com/in/pucknell,ACCEPTED
2015/02/23 19:00:35 UTC,Business Development,Fabrizio,Candoni,www.linkedin.com/in/candoni,ACCEPTED
2015/02/23 19:00:33 UTC,Leadership,Darren,"McKnight, MBA, CMAS",www.linkedin.com/in/darrenmcknight,ACCEPTED
2015/02/23 19:00:31 UTC,Digital Marketing,Evan,Jones 🔜 Meta Connect,www.linkedin.com/in/mysteryjones,ACCEPTED
2015/02/23 19:00:30 UTC,Concept Development,Geoff,Dufton,www.linkedin.com/in/geoff-dufton-2a448628,ACCEPTED
2015/02/23 19:00:27 UTC,Online Advertising,Jack,Matthews,www.linkedin.com/in/jack-matthews-4230b04,ACCEPTED
2015/02/23 19:00:23 UTC,Entrepreneurship,Jovan,Cvejic,www.linkedin.com/in/jovancvejic,ACCEPTED
2015/02/23 19:00:22 UTC,Management,Fabrizio,Candoni,www.linkedin.com/in/candoni,ACCEPTED
2015/02/23 19:00:20 UTC,IP,Adrian,Pike,www.linkedin.com/in/adrian-h-pike,PENDING
2015/02/23 19:00:19 UTC,Sales Operations,Larry,Osmond,www.linkedin.com/in/larry-osmond-broker,ACCEPTED
2015/02/23 19:00:16 UTC,Strategy,Dianne,Dranginis,www.linkedin.com/in/dianne-dranginis-339416,ACCEPTED
2015/02/23 19:00:12 UTC,Integration,Ken,McDougall,www.linkedin.com/in/kennethmcdougall,ACCEPTED
2015/02/23 19:00:10 UTC,VOD,Thomas,Priore,www.linkedin.com/in/tompriore,ACCEPTED
2015/02/23 19:00:08 UTC,Social Media,Yang,Yu,www.linkedin.com/in/mryangyu,ACCEPTED
2015/02/23 19:00:04 UTC,Technical Recruiting,Carolyn,Hudson,www.linkedin.com/in/carolyn,ACCEPTED
2015/02/23 19:00:02 UTC,Databases,Andrew,Kalek,www.linkedin.com/in/andrewkalek,ACCEPTED
2015/02/23 19:00:00 UTC,Spatial Analysis,Aubin,Dorion,www.linkedin.com/in/aubindorion,ACCEPTED
2015/02/23 18:59:47 UTC,Requirements Analysis,Perry,O'Neil,www.linkedin.com/in/perry-o-neil-01976a4,ACCEPTED
2015/02/23 18:59:46 UTC,Agile Methodologies,Dianne,Dranginis,www.linkedin.com/in/dianne-dranginis-339416,ACCEPTED
2015/02/23 18:59:40 UTC,Strategic Planning,Richard,Kun,www.linkedin.com/in/richardkun,ACCEPTED
2015/02/23 18:59:35 UTC,Sales,Guy,Gagne,www.linkedin.com/in/guy-gagne-6308582a,ACCEPTED
2015/02/23 18:59:33 UTC,Requirements Analysis,Ken,McDougall,www.linkedin.com/in/kennethmcdougall,ACCEPTED
2015/02/23 18:59:32 UTC,Wireless,David,Vu,www.linkedin.com/in/david-vu-b52441,ACCEPTED
2015/02/23 18:59:27 UTC,Project Management,Maurie,Dobbin,www.linkedin.com/in/mauriedobbin,ACCEPTED
2015/02/23 18:59:26 UTC,MySQL,Shad,Sharma,www.linkedin.com/in/shad-sharma,ACCEPTED
2015/02/23 18:59:21 UTC,Event Management,Penny,Mainwaring,www.linkedin.com/in/penny-mainwaring-443669b,ACCEPTED
2015/02/23 18:59:19 UTC,Integration,Thomas,Dodds,www.linkedin.com/in/thomas-dodds-4299a,ACCEPTED
2015/02/23 18:59:18 UTC,SDLC,Ken,McDougall,www.linkedin.com/in/kennethmcdougall,ACCEPTED
2015/02/23 18:59:11 UTC,Social Media Marketing,Jovan,Cvejic,www.linkedin.com/in/jovancvejic,ACCEPTED
2015/02/23 18:59:10 UTC,CRM,Jean-Paul,Dorion,www.linkedin.com/in/jeanpauldorion,ACCEPTED
2015/02/23 18:59:07 UTC,Product Marketing,Osmo,Hautanen,www.linkedin.com/in/santtino,ACCEPTED
2015/02/23 18:41:49 UTC,Start-ups,Yang,Yu,www.linkedin.com/in/mryangyu,ACCEPTED
2015/02/23 18:41:47 UTC,Product Development,Stephen,Davies,www.linkedin.com/in/stephen-davies-0319823,ACCEPTED
2015/02/23 18:41:44 UTC,Software Development,Olivier,Yiptong,www.linkedin.com/in/oyiptong,ACCEPTED
2015/02/23 18:41:43 UTC,Project Management,David,Vu,www.linkedin.com/in/david-vu-b52441,ACCEPTED
2015/02/23 18:41:38 UTC,SQL,Andrew,Kalek,www.linkedin.com/in/andrewkalek,ACCEPTED
2015/02/23 18:41:36 UTC,Mobile Devices,Martin,Neville-Smith,www.linkedin.com/in/martin-neville-smith-b968982,ACCEPTED
2015/02/23 18:41:33 UTC,IT Strategy,Graham,Silver,www.linkedin.com/in/graham-silver-4510964,ACCEPTED
2015/02/23 18:41:32 UTC,Integration,Martin,Neville-Smith,www.linkedin.com/in/martin-neville-smith-b968982,ACCEPTED
2015/02/23 18:41:30 UTC,Embedded Software,Richard,Warren,www.linkedin.com/in/richard-warren-8966047,ACCEPTED
2015/02/23 18:41:23 UTC,CSS,Andrew,Kalek,www.linkedin.com/in/andrewkalek,ACCEPTED
2015/02/23 18:41:21 UTC,IP,Thomas,Priore,www.linkedin.com/in/tompriore,ACCEPTED
2015/02/23 18:41:19 UTC,Java,Shad,Sharma,www.linkedin.com/in/shad-sharma,ACCEPTED
2015/02/23 18:41:18 UTC,Business Development,Guy,Gagne,www.linkedin.com/in/guy-gagne-6308582a,ACCEPTED
2015/02/23 18:41:15 UTC,Start-ups,Kevin,Suitor,www.linkedin.com/in/kevinsuitor,ACCEPTED
2014/11/21 04:12:16 UTC,Auditing,Margo,Ross,www.linkedin.com/in/margo-ross-389bb95a,ACCEPTED
2014/11/21 04:12:07 UTC,Management,Carolyn,Hudson,www.linkedin.com/in/carolyn,ACCEPTED
2014/11/21 04:12:07 UTC,Recruiting,Carolyn,Hudson,www.linkedin.com/in/carolyn,ACCEPTED
2014/11/21 04:12:07 UTC,Sourcing,Carolyn,Hudson,www.linkedin.com/in/carolyn,ACCEPTED
2014/11/21 04:12:07 UTC,Start-ups,Carolyn,Hudson,www.linkedin.com/in/carolyn,ACCEPTED
2014/11/21 04:12:07 UTC,Strategy,Carolyn,Hudson,www.linkedin.com/in/carolyn,ACCEPTED
2014/11/12 11:53:31 UTC,Music Theory,Peter,Smith,www.linkedin.com/in/peter-smith-07388663,ACCEPTED
2014/11/12 11:53:29 UTC,Product Management,Dave,Jones,www.linkedin.com/in/dave-jones-22350,ACCEPTED
2014/11/12 11:53:22 UTC,Mobile Communications,Adrian,Pike,www.linkedin.com/in/adrian-h-pike,ACCEPTED
2014/11/12 11:53:20 UTC,Management,Jovan,Cvejic,www.linkedin.com/in/jovancvejic,ACCEPTED
2014/11/12 11:53:16 UTC,SDLC,David,Krosel,www.linkedin.com/in/david-krosel-ba30531,ACCEPTED
2014/11/12 11:53:14 UTC,Management,Nick,Sutherland,www.linkedin.com/in/npsutherland,ACCEPTED
2014/11/12 11:53:12 UTC,Mobile Devices,Maurie,Dobbin,www.linkedin.com/in/mauriedobbin,ACCEPTED
2014/11/12 11:53:10 UTC,Customer Service,Ian,Draper,www.linkedin.com/in/ian-draper-18089018,PENDING
2014/11/12 11:53:07 UTC,Salesforce.com,Dalia,Asterbadi,www.linkedin.com/in/daliaasterbadi,ACCEPTED
2014/11/12 11:53:05 UTC,Leadership,David,Nagy,www.linkedin.com/in/david-nagy-4416939,ACCEPTED
2014/11/12 11:52:59 UTC,Customer Service,Miroslaw,Kalek,www.linkedin.com/in/miroslaw-kalek-5b991b3a,PENDING
2014/11/12 11:52:56 UTC,Vendor Management,David,Krosel,www.linkedin.com/in/david-krosel-ba30531,ACCEPTED
2014/11/12 11:52:53 UTC,SEM,Jovan,Cvejic,www.linkedin.com/in/jovancvejic,ACCEPTED
2014/11/12 11:52:51 UTC,Strategy,Jeremy,Bell,www.linkedin.com/in/jeremybell,ACCEPTED
2014/11/12 11:52:48 UTC,Cloud Computing,Chris,Michaelson,www.linkedin.com/in/digitalmediachris,ACCEPTED
2014/11/12 11:52:46 UTC,Business Analysis,David,McDougall,www.linkedin.com/in/david-stuart-mcdougall,ACCEPTED
2014/11/12 11:52:44 UTC,Leadership,Timothy,Adler,www.linkedin.com/in/timadler,ACCEPTED
2014/11/12 11:52:36 UTC,Interviews,Carolyn,Hudson,www.linkedin.com/in/carolyn,ACCEPTED
2014/11/12 11:52:24 UTC,Product Management,Dalia,Asterbadi,www.linkedin.com/in/daliaasterbadi,ACCEPTED
2014/11/12 11:52:18 UTC,3G,Maurie,Dobbin,www.linkedin.com/in/mauriedobbin,ACCEPTED
2014/11/12 11:52:17 UTC,Photoshop,Miroslaw,Kalek,www.linkedin.com/in/miroslaw-kalek-5b991b3a,PENDING
2014/11/12 11:52:05 UTC,Team Building,Katrina,Britto,www.linkedin.com/in/katrinabritto,ACCEPTED
2014/11/12 11:52:03 UTC,Management,Lucas,SKOCZKOWSKI,www.linkedin.com/in/lskoczkowski,ACCEPTED
2014/11/12 11:52:00 UTC,Telecommunications,Martin,Neville-Smith,www.linkedin.com/in/martin-neville-smith-b968982,ACCEPTED
2014/11/12 11:51:58 UTC,Product Management,Sanjay,Singhal,www.linkedin.com/in/sanjaysinghalca,ACCEPTED
2014/11/12 11:51:56 UTC,Requirements Analysis,Graham,Silver,www.linkedin.com/in/graham-silver-4510964,ACCEPTED
2014/11/12 11:51:53 UTC,Film,Evan,Jones 🔜 Meta Connect,www.linkedin.com/in/mysteryjones,ACCEPTED
2014/11/12 11:51:49 UTC,Product Management,David,Vu,www.linkedin.com/in/david-vu-b52441,ACCEPTED
2014/11/12 11:51:47 UTC,Web Development,Yang,Yu,www.linkedin.com/in/mryangyu,ACCEPTED
2014/11/12 11:51:41 UTC,Account Management,Larry,Osmond,www.linkedin.com/in/larry-osmond-broker,ACCEPTED
2014/11/12 11:51:38 UTC,Integration,Dianne,Dranginis,www.linkedin.com/in/dianne-dranginis-339416,ACCEPTED
2014/11/12 11:51:31 UTC,Analysis,Michael,Murphy,www.linkedin.com/in/michaelmurphy08,ACCEPTED
2014/11/12 11:51:11 UTC,Start-ups,Thomas,Dodds,www.linkedin.com/in/thomas-dodds-4299a,PENDING
2014/11/12 11:51:09 UTC,Leadership,Dianne,Dranginis,www.linkedin.com/in/dianne-dranginis-339416,ACCEPTED
2014/11/12 11:51:07 UTC,Wireless,Lucas,SKOCZKOWSKI,www.linkedin.com/in/lskoczkowski,ACCEPTED
2014/11/12 11:51:05 UTC,Mobile Devices,Kevin,Suitor,www.linkedin.com/in/kevinsuitor,ACCEPTED
2014/11/12 11:51:03 UTC,Tax Preparation,Margo,Ross,www.linkedin.com/in/margo-ross-389bb95a,ACCEPTED
2014/11/12 11:50:54 UTC,Sales Management,Guy,Gagne,www.linkedin.com/in/guy-gagne-6308582a,ACCEPTED
2014/11/12 11:50:52 UTC,Vendor Management,Ken,McDougall,www.linkedin.com/in/kennethmcdougall,ACCEPTED
2014/11/12 11:50:48 UTC,Strategy,Jovan,Cvejic,www.linkedin.com/in/jovancvejic,ACCEPTED
2014/11/12 11:50:43 UTC,Social Media,Miroslaw,Kalek,www.linkedin.com/in/miroslaw-kalek-5b991b3a,PENDING
2014/11/12 11:50:40 UTC,Telecommunications,Guy,Gagne,www.linkedin.com/in/guy-gagne-6308582a,ACCEPTED
2014/11/12 11:50:38 UTC,Online Marketing,Jack,Matthews,www.linkedin.com/in/jack-matthews-4230b04,ACCEPTED
2014/11/12 11:50:36 UTC,Cross-functional Team Leadership,Darren,"McKnight, MBA, CMAS",www.linkedin.com/in/darrenmcknight,ACCEPTED
2014/11/12 11:50:33 UTC,Business Development,Nick,Kauser,www.linkedin.com/in/nick-kauser-1307b025,PENDING
2014/11/12 11:50:29 UTC,Telecommunications,Simon,Wilder,www.linkedin.com/in/simon-wilder-2674788,ACCEPTED
2014/11/12 11:50:24 UTC,Product Management,Kevin,Suitor,www.linkedin.com/in/kevinsuitor,ACCEPTED
2014/11/12 11:50:10 UTC,Marketing Strategy,Timothy,Adler,www.linkedin.com/in/timadler,ACCEPTED
2014/11/12 11:49:58 UTC,Mobile Devices,Lucas,SKOCZKOWSKI,www.linkedin.com/in/lskoczkowski,ACCEPTED
2014/11/12 11:49:49 UTC,Screenwriting,Diana,Kemp,www.linkedin.com/in/dianakemp,ACCEPTED
2014/11/12 11:49:47 UTC,Product Management,Guy,Gagne,www.linkedin.com/in/guy-gagne-6308582a,ACCEPTED
2014/11/12 11:49:37 UTC,Cloud Computing,Kevin,Broadfoot,www.linkedin.com/in/kevin-broadfoot-a505041,ACCEPTED
2014/11/12 11:49:34 UTC,Strategic Planning,Katrina,Britto,www.linkedin.com/in/katrinabritto,ACCEPTED
2014/11/12 11:49:30 UTC,Unified Communications,Kevin,Broadfoot,www.linkedin.com/in/kevin-broadfoot-a505041,ACCEPTED
2014/11/12 11:49:11 UTC,Business Planning,Femke,Galle,www.linkedin.com/in/femke-galle-981a0010,ACCEPTED
2014/11/12 11:49:11 UTC,Business Strategy,Femke,Galle,www.linkedin.com/in/femke-galle-981a0010,ACCEPTED
2014/11/12 11:49:11 UTC,Leadership,Femke,Galle,www.linkedin.com/in/femke-galle-981a0010,ACCEPTED
2014/11/12 11:49:11 UTC,Management,Femke,Galle,www.linkedin.com/in/femke-galle-981a0010,ACCEPTED
2014/11/12 11:49:11 UTC,Marketing,Femke,Galle,www.linkedin.com/in/femke-galle-981a0010,ACCEPTED
2014/11/08 00:08:03 UTC,Strategic Partnerships,Osmo,Hautanen,www.linkedin.com/in/santtino,ACCEPTED
2014/11/08 00:07:11 UTC,Wireless,Ron,Resnick,www.linkedin.com/in/ron-resnick-532189,ACCEPTED
2014/11/08 00:07:07 UTC,Enterprise Software,David,McDougall,www.linkedin.com/in/david-stuart-mcdougall,ACCEPTED
2014/11/08 00:06:20 UTC,Mobile Devices,Alan,Hutchison,www.linkedin.com/in/ahutchison,PENDING
2014/11/08 00:05:58 UTC,Integration,David,Vu,www.linkedin.com/in/david-vu-b52441,ACCEPTED
2014/11/08 00:05:49 UTC,Management,Maurie,Dobbin,www.linkedin.com/in/mauriedobbin,ACCEPTED
2014/11/08 00:05:25 UTC,Telecommunications,James,Cape,www.linkedin.com/in/james-cape-459b732,ACCEPTED
2014/11/08 00:05:20 UTC,Program Management,David,Vu,www.linkedin.com/in/david-vu-b52441,ACCEPTED
2014/11/08 00:05:13 UTC,JavaScript,Shad,Sharma,www.linkedin.com/in/shad-sharma,ACCEPTED
2014/11/08 00:05:10 UTC,Product Management,Kevin,Neely,www.linkedin.com/in/kevin-neely-0771584,ACCEPTED
2014/11/08 00:04:59 UTC,Business Development,Vernon,Kenley,www.linkedin.com/in/vernon-kenley-b71113,PENDING
2014/11/08 00:04:51 UTC,Product Management,Nick,Kauser,www.linkedin.com/in/nick-kauser-1307b025,PENDING
2014/11/08 00:04:12 UTC,Property Management,Chrissie,Crowley,www.linkedin.com/in/chrissie-crowley-9b2b586,ACCEPTED
2014/11/08 00:04:04 UTC,Software Development,Shad,Sharma,www.linkedin.com/in/shad-sharma,ACCEPTED
2014/11/08 00:03:51 UTC,GSM,Maurie,Dobbin,www.linkedin.com/in/mauriedobbin,ACCEPTED
2014/11/08 00:03:50 UTC,Wireless,Brian,"Rosenberg, ACC",www.linkedin.com/in/brian-rosenberg-coach,ACCEPTED
2014/11/08 00:03:48 UTC,Product Marketing,Kevin,Neely,www.linkedin.com/in/kevin-neely-0771584,PENDING
2014/11/08 00:03:41 UTC,Mobile Devices,"Robert Syputa,",robert at Maravedis com,www.linkedin.com/in/cloud4g,ACCEPTED
2014/11/08 00:03:31 UTC,Business Strategy,Richard,Kun,www.linkedin.com/in/richardkun,ACCEPTED
2014/11/08 00:03:25 UTC,Telecommunications,Dianne,Dranginis,www.linkedin.com/in/dianne-dranginis-339416,ACCEPTED
2014/11/08 00:03:08 UTC,Start-ups,Vernon,Kenley,www.linkedin.com/in/vernon-kenley-b71113,PENDING
2014/11/08 00:03:01 UTC,Mobile Devices,Huw,Price-Stephens,www.linkedin.com/in/huw-price-stephens-80771b1a,ACCEPTED
2014/11/08 00:02:58 UTC,Product Management,Dean,Fresonke,www.linkedin.com/in/fresonke,ACCEPTED
2014/11/08 00:02:34 UTC,Mobile Devices,James,Cape,www.linkedin.com/in/james-cape-459b732,ACCEPTED
2014/11/08 00:02:26 UTC,Entrepreneurship,Richard,Kun,www.linkedin.com/in/richardkun,ACCEPTED
2014/11/08 00:02:20 UTC,Enterprise Software,Yang,Yu,www.linkedin.com/in/mryangyu,ACCEPTED
2014/11/08 00:02:05 UTC,Telecommunications,Thomas,Dodds,www.linkedin.com/in/thomas-dodds-4299a,PENDING
2014/11/08 00:01:51 UTC,Start-ups,David,Fraser,www.linkedin.com/in/davidfraser,ACCEPTED
2014/11/08 00:01:43 UTC,Music,Peter,Smith,www.linkedin.com/in/peter-smith-07388663,ACCEPTED
2014/11/08 00:01:41 UTC,Renewable Energy,Stephen,Davies,www.linkedin.com/in/stephen-davies-0319823,ACCEPTED
2014/11/08 00:01:33 UTC,Financial Reporting,Margo,Ross,www.linkedin.com/in/margo-ross-389bb95a,ACCEPTED
2014/11/08 00:01:26 UTC,Business Strategy,Nick,Kauser,www.linkedin.com/in/nick-kauser-1307b025,PENDING
2014/11/08 00:01:16 UTC,Strategy,Lucas,SKOCZKOWSKI,www.linkedin.com/in/lskoczkowski,ACCEPTED
2014/11/08 00:01:14 UTC,Strategic Partnerships,Nick,Kauser,www.linkedin.com/in/nick-kauser-1307b025,PENDING
2014/11/08 00:01:07 UTC,Income Tax,Margo,Ross,www.linkedin.com/in/margo-ross-389bb95a,ACCEPTED
2014/11/08 00:00:59 UTC,Telecommunications,Kevin,Suitor,www.linkedin.com/in/kevinsuitor,ACCEPTED
2014/11/08 00:00:54 UTC,Integration,Perry,O'Neil,www.linkedin.com/in/perry-o-neil-01976a4,ACCEPTED
2014/11/08 00:00:45 UTC,Security,Guy,Gagne,www.linkedin.com/in/guy-gagne-6308582a,ACCEPTED
2014/11/08 00:00:41 UTC,IP,Richard,Trask,www.linkedin.com/in/richard-trask-91866a3,ACCEPTED
2014/11/08 00:00:36 UTC,Telecommunications,Rick,Sailor,www.linkedin.com/in/rick-sailor,ACCEPTED
2014/11/08 00:00:22 UTC,Product Management,Chris,Michaelson,www.linkedin.com/in/digitalmediachris,ACCEPTED
2014/11/08 00:00:20 UTC,Vehicles,Ian,Draper,www.linkedin.com/in/ian-draper-18089018,PENDING
2014/11/08 00:00:17 UTC,jQuery,Andrew,Kalek,www.linkedin.com/in/andrewkalek,ACCEPTED
2014/11/08 00:00:01 UTC,Project Management,Tony,Maine,www.linkedin.com/in/tony-maine-53a9455,PENDING
2014/11/07 23:59:52 UTC,Wireless,Thomas,Dodds,www.linkedin.com/in/thomas-dodds-4299a,PENDING
2014/11/07 23:59:51 UTC,Program Management,Perry,O'Neil,www.linkedin.com/in/perry-o-neil-01976a4,ACCEPTED
2014/11/07 23:59:34 UTC,Business Strategy,David,Vu,www.linkedin.com/in/david-vu-b52441,ACCEPTED
2014/11/07 23:59:29 UTC,Strategic Partnerships,Dalia,Asterbadi,www.linkedin.com/in/daliaasterbadi,ACCEPTED
2014/11/07 23:59:27 UTC,Mergers & Acquisitions,Bill,Elsner,www.linkedin.com/in/bill-elsner-5aa92,PENDING
2014/11/07 23:58:06 UTC,Strategic Partnerships,Jim,Grillo,www.linkedin.com/in/jim-grillo-357a7,ACCEPTED
2014/11/07 23:58:04 UTC,Product Management,Martin,Neville-Smith,www.linkedin.com/in/martin-neville-smith-b968982,ACCEPTED
2014/11/07 23:57:58 UTC,Solution Selling,Kevin,Suitor,www.linkedin.com/in/kevinsuitor,ACCEPTED
2014/11/07 23:57:54 UTC,Management,Dianne,Dranginis,www.linkedin.com/in/dianne-dranginis-339416,ACCEPTED
2014/11/07 23:57:45 UTC,Strategy,Yang,Yu,www.linkedin.com/in/mryangyu,ACCEPTED
2014/11/07 23:57:42 UTC,Business Strategy,Sven,Ghyselinck,www.linkedin.com/in/svenghyselinck,ACCEPTED
2014/11/07 23:57:39 UTC,IPTV,Thomas,Priore,www.linkedin.com/in/tompriore,ACCEPTED
2014/11/07 23:57:34 UTC,Financial Accounting,Margo,Ross,www.linkedin.com/in/margo-ross-389bb95a,ACCEPTED
2014/11/07 23:57:17 UTC,Coaching,Karen,"Somerville, PhD, C.Dir. (she/her)",www.linkedin.com/in/karensomervillephd,ACCEPTED
2014/11/07 23:57:14 UTC,VoIP,Thomas,Priore,www.linkedin.com/in/tompriore,ACCEPTED
2014/11/07 23:57:12 UTC,Entrepreneurship,Sanjay,Singhal,www.linkedin.com/in/sanjaysinghalca,ACCEPTED
2014/11/07 23:57:06 UTC,IP,Rick,Sailor,www.linkedin.com/in/rick-sailor,ACCEPTED
2014/11/07 23:57:04 UTC,Integration,Michael,Murphy,www.linkedin.com/in/michaelmurphy08,ACCEPTED
2014/11/07 23:56:59 UTC,Management,Karen,"Somerville, PhD, C.Dir. (she/her)",www.linkedin.com/in/karensomervillephd,ACCEPTED
2014/11/07 23:56:58 UTC,Agile Methodologies,Nick,Sutherland,www.linkedin.com/in/npsutherland,ACCEPTED
2014/11/07 23:56:54 UTC,Marketing Strategy,Katrina,Britto,www.linkedin.com/in/katrinabritto,ACCEPTED
2014/11/07 23:56:51 UTC,New Business Development,Guy,Gagne,www.linkedin.com/in/guy-gagne-6308582a,ACCEPTED
2014/11/07 23:56:48 UTC,Entrepreneurship,Yang,Yu,www.linkedin.com/in/mryangyu,ACCEPTED
2014/11/07 23:56:47 UTC,Strategic Planning,Karen,"Somerville, PhD, C.Dir. (she/her)",www.linkedin.com/in/karensomervillephd,ACCEPTED
2014/11/07 23:56:45 UTC,Telecommunications,Lucas,SKOCZKOWSKI,www.linkedin.com/in/lskoczkowski,ACCEPTED
2014/11/07 23:56:44 UTC,Estate Planning,Greg,"Milley, P.Eng.",www.linkedin.com/in/greg-milley-p-eng-938924,ACCEPTED
2014/11/07 23:56:30 UTC,Business Strategy,Osmo,Hautanen,www.linkedin.com/in/santtino,ACCEPTED
2014/11/07 23:56:30 UTC,Mobile Devices,Osmo,Hautanen,www.linkedin.com/in/santtino,ACCEPTED
2014/11/07 23:56:30 UTC,Start-ups,Osmo,Hautanen,www.linkedin.com/in/santtino,ACCEPTED
2014/11/07 23:56:30 UTC,Telecommunications,Osmo,Hautanen,www.linkedin.com/in/santtino,ACCEPTED
2014/11/07 23:56:30 UTC,Wireless,Osmo,Hautanen,www.linkedin.com/in/santtino,ACCEPTED
2014/07/03 00:23:19 UTC,Mobile Devices,David,Fraser,www.linkedin.com/in/davidfraser,ACCEPTED
2014/07/03 00:23:06 UTC,Telecommunications,Adlane,Fellah,www.linkedin.com/in/adlanefellah,ACCEPTED
2014/07/03 00:23:00 UTC,Leadership,Larry,Smith,www.linkedin.com/in/kathbern,ACCEPTED
2014/07/03 00:22:56 UTC,Program Management,Darren,"McKnight, MBA, CMAS",www.linkedin.com/in/darrenmcknight,ACCEPTED
2014/07/03 00:22:49 UTC,Mobile Applications,Eliot,Weinman,www.linkedin.com/in/eliotweinman,ACCEPTED
2014/07/03 00:22:35 UTC,Integrated Marketing,Jeremy,Bell,www.linkedin.com/in/jeremybell,ACCEPTED
2014/07/03 00:22:28 UTC,RF,Mohammad (Mo),Shakouri,www.linkedin.com/in/mshakouri,ACCEPTED
2014/07/03 00:22:25 UTC,Strategy,Michael,"Christensen, MBA",www.linkedin.com/in/michaelvchristensen,ACCEPTED
2014/07/03 00:22:20 UTC,Politics,Andrew,Kreig,www.linkedin.com/in/andrewkreig,ACCEPTED
2014/07/03 00:22:02 UTC,Trials,Christopher,Dolan,www.linkedin.com/in/cbdlaw,ACCEPTED
2014/07/03 00:21:50 UTC,Business Development,Katrina,Britto,www.linkedin.com/in/katrinabritto,ACCEPTED
2014/07/03 00:21:43 UTC,Strategic Planning,Steve,Halstedt,www.linkedin.com/in/steve-halstedt-28229018,PENDING
2014/07/03 00:21:29 UTC,CRM,Dianne,Dranginis,www.linkedin.com/in/dianne-dranginis-339416,ACCEPTED
2014/07/03 00:21:24 UTC,Enterprise Software,Robert,Triffo,www.linkedin.com/in/roberttriffo,ACCEPTED
2014/07/03 00:21:21 UTC,Solution Selling,Alan,Greenberg,www.linkedin.com/in/alan-greenberg-93485135,ACCEPTED
2014/07/03 00:20:59 UTC,Telecommunications,Hans,Kramer,www.linkedin.com/in/hans-kramer-6539a,PENDING
2014/07/03 00:20:56 UTC,Program Management,Sven,Ghyselinck,www.linkedin.com/in/svenghyselinck,ACCEPTED
2014/07/03 00:20:47 UTC,Illustrator,Geoff,Dufton,www.linkedin.com/in/geoff-dufton-2a448628,ACCEPTED
2014/07/03 00:20:39 UTC,Portrait Photography,Miroslaw,Kalek,www.linkedin.com/in/miroslaw-kalek-5b991b3a,PENDING
2014/07/03 00:20:37 UTC,RAN,Adrian,Pike,www.linkedin.com/in/adrian-h-pike,ACCEPTED
2014/07/03 00:20:34 UTC,Automotive,Nick,Saley,www.linkedin.com/in/nick-saley-46451110,PENDING
2014/07/03 00:20:23 UTC,Telecommunications,Michael,Murphy,www.linkedin.com/in/michaelmurphy08,ACCEPTED
2014/07/03 00:19:51 UTC,Training,Michael,Murphy,www.linkedin.com/in/michaelmurphy08,ACCEPTED
2014/07/03 00:19:43 UTC,Wireless,Dave,Jones,www.linkedin.com/in/dave-jones-22350,ACCEPTED
2014/07/03 00:19:40 UTC,Relocation,Chrissie,Crowley,www.linkedin.com/in/chrissie-crowley-9b2b586,ACCEPTED
2014/07/03 00:19:32 UTC,Mobile Devices,Adlane,Fellah,www.linkedin.com/in/adlanefellah,ACCEPTED
2014/07/03 00:19:29 UTC,Start-ups,Dalia,Asterbadi,www.linkedin.com/in/daliaasterbadi,ACCEPTED
2014/07/03 00:19:14 UTC,Mobile Devices,Tim,Spencer,www.linkedin.com/in/timspencer,ACCEPTED
2014/07/03 00:18:59 UTC,Product Marketing,Dalia,Asterbadi,www.linkedin.com/in/daliaasterbadi,ACCEPTED
2014/07/03 00:18:53 UTC,Management,Michael,Murphy,www.linkedin.com/in/michaelmurphy08,ACCEPTED
2014/07/03 00:18:40 UTC,Vendor Management,Thomas,Dodds,www.linkedin.com/in/thomas-dodds-4299a,PENDING
2014/07/03 00:18:24 UTC,Cross-functional Team Leadership,Alan,Hutchison,www.linkedin.com/in/ahutchison,PENDING
2014/07/03 00:18:14 UTC,Strategy,Darren,"McKnight, MBA, CMAS",www.linkedin.com/in/darrenmcknight,ACCEPTED
2014/07/03 00:17:59 UTC,Renewable Energy,Daniel,Kaute,www.linkedin.com/in/danielkaute,ACCEPTED
2014/07/03 00:17:56 UTC,Entrepreneurship,Jeff,Richmond,www.linkedin.com/in/nafor,ACCEPTED
2014/07/03 00:17:51 UTC,Mobile Applications,Yang,Yu,www.linkedin.com/in/mryangyu,ACCEPTED
2014/07/03 00:17:49 UTC,New Media,Evan,Jones 🔜 Meta Connect,www.linkedin.com/in/mysteryjones,ACCEPTED
2014/07/03 00:17:40 UTC,Creative Direction,Jeremy,Bell,www.linkedin.com/in/jeremybell,ACCEPTED
2014/07/03 00:17:37 UTC,Wireless,Mohammad (Mo),Shakouri,www.linkedin.com/in/mshakouri,ACCEPTED
2014/07/03 00:17:31 UTC,Flash Animation,Geoff,Dufton,www.linkedin.com/in/geoff-dufton-2a448628,ACCEPTED
2014/07/03 00:17:29 UTC,Cloud Computing,Richard,Trask,www.linkedin.com/in/richard-trask-91866a3,ACCEPTED
2014/07/03 00:17:19 UTC,Business Development,Thomas,Dodds,www.linkedin.com/in/thomas-dodds-4299a,ACCEPTED
2014/07/03 00:17:09 UTC,Web Applications,Yang,Yu,www.linkedin.com/in/mryangyu,ACCEPTED
2014/07/03 00:17:06 UTC,Telecommunications,David,Vu,www.linkedin.com/in/david-vu-b52441,ACCEPTED
2014/07/03 00:17:02 UTC,Product Marketing,Martin,Neville-Smith,www.linkedin.com/in/martin-neville-smith-b968982,ACCEPTED
2014/07/03 00:16:58 UTC,Change Management,Sven,Ghyselinck,www.linkedin.com/in/svenghyselinck,ACCEPTED
2014/07/03 00:16:54 UTC,Wireless,Sean,Schneyer,www.linkedin.com/in/seans,ACCEPTED
2014/07/03 00:16:50 UTC,Online Marketing,Jovan,Cvejic,www.linkedin.com/in/jovancvejic,ACCEPTED
2014/07/03 00:16:31 UTC,Telephony,Jim,Williams,www.linkedin.com/in/jim-williams-71289a7,ACCEPTED
2014/07/03 00:16:24 UTC,Software Development,Yang,Yu,www.linkedin.com/in/mryangyu,ACCEPTED
2014/07/03 00:16:20 UTC,Journalism,Andrew,Kreig,www.linkedin.com/in/andrewkreig,ACCEPTED
2014/07/03 00:16:11 UTC,Construction Management,Wally,Boonstra,www.linkedin.com/in/wally-boonstra-737b6721,ACCEPTED
2014/07/03 00:16:08 UTC,Wireless,Nick,Kauser,www.linkedin.com/in/nick-kauser-1307b025,PENDING
2014/07/03 00:16:07 UTC,Photography,Miroslaw,Kalek,www.linkedin.com/in/miroslaw-kalek-5b991b3a,PENDING
2014/07/03 00:16:04 UTC,Advertising,David,Tran,www.linkedin.com/in/davidtran3,ACCEPTED
2014/07/03 00:15:58 UTC,Telco,Lucas,SKOCZKOWSKI,www.linkedin.com/in/lskoczkowski,ACCEPTED
2014/07/03 00:15:56 UTC,Strategic Partnerships,Larry,Smith,www.linkedin.com/in/kathbern,ACCEPTED
2014/07/03 00:15:51 UTC,Lead Generation,Cheryl,Scoffield,www.linkedin.com/in/cherylscoffield,ACCEPTED
2014/07/03 00:15:49 UTC,PMO,Ken,McDougall,www.linkedin.com/in/kennethmcdougall,ACCEPTED
2014/07/03 00:15:37 UTC,Sales Operations,Jean-Paul,Dorion,www.linkedin.com/in/jeanpauldorion,ACCEPTED
2014/07/03 00:15:30 UTC,Product Management,Lucas,SKOCZKOWSKI,www.linkedin.com/in/lskoczkowski,ACCEPTED
2014/07/03 00:15:28 UTC,Construction,Wally,Boonstra,www.linkedin.com/in/wally-boonstra-737b6721,ACCEPTED
2014/07/03 00:15:26 UTC,Custom Homes,Wally,Boonstra,www.linkedin.com/in/wally-boonstra-737b6721,PENDING
2014/07/03 00:15:07 UTC,Sustainable Architecture,Paul,"Hastings, OAA, MRAIC, LEED AP",www.linkedin.com/in/paul-hastings-oaa-mraic-leed-ap-82307430,ACCEPTED
2014/07/03 00:15:04 UTC,Telecommunications,Jim,Williams,www.linkedin.com/in/jim-williams-71289a7,ACCEPTED
2014/07/03 00:14:57 UTC,Investments,Darren,Sissons,www.linkedin.com/in/darren-sissons-a6373a,ACCEPTED
2014/07/03 00:14:48 UTC,IPTV,Jeff,Tan,www.linkedin.com/in/jeff-tan-68ab732,ACCEPTED
2014/07/03 00:14:44 UTC,Green Building,Paul,"Hastings, OAA, MRAIC, LEED AP",www.linkedin.com/in/paul-hastings-oaa-mraic-leed-ap-82307430,ACCEPTED
2014/07/03 00:14:40 UTC,Start-ups,DR. CINDY,GORDON ICD.D.,www.linkedin.com/in/drcindygordon,ACCEPTED
2014/07/03 00:14:37 UTC,Strategy,Carolyn,Anderson,www.linkedin.com/in/carolynanderson-revenuegrowthleader,ACCEPTED
2014/07/03 00:14:29 UTC,GSM,Adrian,Pike,www.linkedin.com/in/adrian-h-pike,ACCEPTED
2014/07/03 00:14:20 UTC,Digital Media,Evan,Jones 🔜 Meta Connect,www.linkedin.com/in/mysteryjones,ACCEPTED
2014/07/03 00:14:15 UTC,Telecommunications,Timothy,Adler,www.linkedin.com/in/timadler,ACCEPTED
2014/07/03 00:14:09 UTC,Marketing Strategy,Ray,Thompson,www.linkedin.com/in/ray-thompson-38690858,PENDING
2014/07/02 10:19:37 UTC,Leadership Development,Claire,Walsh,www.linkedin.com/in/coachclairewalsh,ACCEPTED
2014/07/02 10:19:34 UTC,Mobile Internet,Dean,Fresonke,www.linkedin.com/in/fresonke,ACCEPTED
2014/07/02 10:19:23 UTC,Cross-functional Team Leadership,Jim,Grillo,www.linkedin.com/in/jim-grillo-357a7,ACCEPTED
2014/07/02 10:19:22 UTC,Program Management,Heather,Cartwright,www.linkedin.com/in/heathermcartwright,ACCEPTED
2014/07/02 10:19:20 UTC,Portfolio Management,Greg,"Milley, P.Eng.",www.linkedin.com/in/greg-milley-p-eng-938924,ACCEPTED
2014/07/02 10:19:18 UTC,Video Production,Michael,Quast,www.linkedin.com/in/michaeloquast,ACCEPTED
2014/07/02 10:19:16 UTC,Storyboarding,Robin,King,www.linkedin.com/in/robin-king-8192081,PENDING
2014/07/02 10:19:13 UTC,Product Marketing,Sanjay,Singhal,www.linkedin.com/in/sanjaysinghalca,ACCEPTED
2014/07/02 10:19:09 UTC,Management,Larry,Smith,www.linkedin.com/in/kathbern,ACCEPTED
2014/07/02 10:18:54 UTC,Ruby on Rails,Shad,Sharma,www.linkedin.com/in/shad-sharma,ACCEPTED
2014/07/02 10:18:51 UTC,Telecommunications,Perry,O'Neil,www.linkedin.com/in/perry-o-neil-01976a4,ACCEPTED
2014/07/02 10:18:49 UTC,Mobile Devices,Adrian,Pike,www.linkedin.com/in/adrian-h-pike,ACCEPTED
2014/07/02 10:18:44 UTC,Professional Services,John,Green,www.linkedin.com/in/john-green-26721,ACCEPTED
2014/07/02 10:18:43 UTC,Strategic Partnerships,Nick,Sutherland,www.linkedin.com/in/npsutherland,ACCEPTED
2014/07/02 10:18:35 UTC,MPEG,Tom,Utley,www.linkedin.com/in/tomutley,ACCEPTED
2014/07/02 10:18:30 UTC,Professional Services,Alan,Greenberg,www.linkedin.com/in/alan-greenberg-93485135,ACCEPTED
2014/07/02 10:18:20 UTC,GSM,Thomas,Dodds,www.linkedin.com/in/thomas-dodds-4299a,ACCEPTED
2014/07/02 10:18:18 UTC,Mobile Devices,Sanjay,Singhal,www.linkedin.com/in/sanjaysinghalca,ACCEPTED
2014/07/02 10:18:16 UTC,Mobile Devices,Sean,Schneyer,www.linkedin.com/in/seans,ACCEPTED
2014/07/02 10:18:14 UTC,IPTV,Kevin,Broadfoot,www.linkedin.com/in/kevin-broadfoot-a505041,ACCEPTED
2014/07/02 10:18:11 UTC,Commercial Photography,Miroslaw,Kalek,www.linkedin.com/in/miroslaw-kalek-5b991b3a,PENDING
2014/07/02 10:18:06 UTC,Mobile Applications,Stephen,Wolak,www.linkedin.com/in/stevewolak,ACCEPTED
2014/07/02 10:18:02 UTC,Management,Kevin,Suitor,www.linkedin.com/in/kevinsuitor,ACCEPTED
2014/07/02 10:17:56 UTC,Executive Coaching,Claire,Walsh,www.linkedin.com/in/coachclairewalsh,ACCEPTED
2014/07/02 10:17:55 UTC,Start-ups,Alan,Hutchison,www.linkedin.com/in/ahutchison,PENDING
2014/07/02 10:17:48 UTC,Telecommunications,Maurie,Dobbin,www.linkedin.com/in/mauriedobbin,ACCEPTED
2014/07/02 10:17:40 UTC,Start-ups,Richard,Kun,www.linkedin.com/in/richardkun,ACCEPTED
2014/07/02 10:17:32 UTC,Telecommunications,Richard,Trask,www.linkedin.com/in/richard-trask-91866a3,ACCEPTED
2014/07/02 10:17:20 UTC,Composition,Peter,Smith,www.linkedin.com/in/peter-smith-07388663,ACCEPTED
2014/07/02 10:17:17 UTC,Product Management,Preston,Gilmer,www.linkedin.com/in/preston-gilmer-205807,ACCEPTED
2014/07/02 10:17:09 UTC,Wireless,John,Green,www.linkedin.com/in/john-green-26721,ACCEPTED
2014/07/02 10:17:07 UTC,Management,Craig,Hayashi,www.linkedin.com/in/craighayashi,PENDING
2014/07/02 10:16:55 UTC,Integration,John,Green,www.linkedin.com/in/john-green-26721,ACCEPTED
2014/07/02 10:16:50 UTC,IP,Bob,Giddy,www.linkedin.com/in/bob-giddy-18494b,ACCEPTED
2014/07/02 10:16:38 UTC,Strategy,Chris,Derose,www.linkedin.com/in/chris-derose-38a57113,ACCEPTED
2014/07/02 10:16:36 UTC,Access Control,Joseph,Rossano,www.linkedin.com/in/joseph-r-14518b12,ACCEPTED
2014/07/02 10:16:33 UTC,Account Management,Jean-Paul,Dorion,www.linkedin.com/in/jeanpauldorion,ACCEPTED
2014/07/02 10:16:27 UTC,Facebook,David,Tran,www.linkedin.com/in/davidtran3,PENDING
2014/07/02 10:16:22 UTC,CRM,Cheryl,Scoffield,www.linkedin.com/in/cherylscoffield,ACCEPTED
2014/07/02 10:16:09 UTC,Strategy,Katrina,Britto,www.linkedin.com/in/katrinabritto,ACCEPTED
2014/07/02 10:16:01 UTC,Business Process,Orlando,Salvador,www.linkedin.com/in/orlandosalvador,ACCEPTED
2014/07/02 10:15:59 UTC,Go-to-market Strategy,Preston,Gilmer,www.linkedin.com/in/preston-gilmer-205807,ACCEPTED
2014/07/02 10:15:55 UTC,Customer Satisfaction,Lou,Casey,www.linkedin.com/in/lou-casey-09008826,ACCEPTED
2014/07/02 10:15:50 UTC,Flash,Shawn,Pucknell,www.linkedin.com/in/pucknell,ACCEPTED
2014/07/02 10:15:47 UTC,Strategy,Alan,Greenberg,www.linkedin.com/in/alan-greenberg-93485135,PENDING
2014/07/02 10:15:35 UTC,IT Strategy,David,Nagy,www.linkedin.com/in/david-nagy-4416939,ACCEPTED
2014/07/02 10:15:29 UTC,Product Management,Nick,Sutherland,www.linkedin.com/in/npsutherland,ACCEPTED
2014/07/02 10:15:26 UTC,Quality Assurance,Ken,McDougall,www.linkedin.com/in/kennethmcdougall,ACCEPTED
2014/07/02 10:15:18 UTC,Enterprise Architecture,Perry,O'Neil,www.linkedin.com/in/perry-o-neil-01976a4,ACCEPTED
2014/07/02 10:15:17 UTC,Enterprise Architecture,Graham,Silver,www.linkedin.com/in/graham-silver-4510964,ACCEPTED
2014/07/02 10:15:14 UTC,Product Marketing,Preston,Gilmer,www.linkedin.com/in/preston-gilmer-205807,ACCEPTED
2014/07/02 10:15:11 UTC,Python,Shad,Sharma,www.linkedin.com/in/shad-sharma,ACCEPTED
2014/07/02 10:15:03 UTC,Piano,Peter,Smith,www.linkedin.com/in/peter-smith-07388663,ACCEPTED
2014/07/02 10:15:00 UTC,Program Management,Dianne,Dranginis,www.linkedin.com/in/dianne-dranginis-339416,ACCEPTED
2014/07/02 10:14:55 UTC,Start-ups,"Robert Syputa,",robert at Maravedis com,www.linkedin.com/in/cloud4g,ACCEPTED
2014/07/02 10:14:51 UTC,Wireless,Maurie,Dobbin,www.linkedin.com/in/mauriedobbin,ACCEPTED
2014/07/02 10:14:49 UTC,Start-ups,Jim,Grillo,www.linkedin.com/in/jim-grillo-357a7,ACCEPTED
2014/07/02 10:14:47 UTC,Team Management,Ken,McDougall,www.linkedin.com/in/kennethmcdougall,ACCEPTED
2014/07/02 10:14:36 UTC,Mobile Devices,Stephen,Wolak,www.linkedin.com/in/stevewolak,ACCEPTED
2014/07/02 10:14:28 UTC,VoIP,Kevin,Broadfoot,www.linkedin.com/in/kevin-broadfoot-a505041,ACCEPTED
2014/07/02 10:14:25 UTC,IPTV,Bob,Giddy,www.linkedin.com/in/bob-giddy-18494b,ACCEPTED
2014/07/02 10:14:19 UTC,Process Improvement,Richard,Kun,www.linkedin.com/in/richardkun,ACCEPTED
2014/07/02 10:14:15 UTC,Integration,Tom,Utley,www.linkedin.com/in/tomutley,ACCEPTED
2014/07/02 10:14:12 UTC,Cross-functional Team Leadership,Bruce,Vallor,www.linkedin.com/in/bruce-vallor-3296bb23,PENDING
2014/07/02 10:14:08 UTC,Data Center,Richard,Trask,www.linkedin.com/in/richard-trask-91866a3,ACCEPTED
2014/07/02 10:14:06 UTC,Cloud Computing,Kevin,Suitor,www.linkedin.com/in/kevinsuitor,ACCEPTED
2014/07/02 10:13:59 UTC,E-commerce,David,Tran,www.linkedin.com/in/davidtran3,ACCEPTED
2014/07/02 10:13:57 UTC,Open Source Software,Tim,Spencer,www.linkedin.com/in/timspencer,PENDING
2014/07/02 10:13:53 UTC,Digital Media,Jack,Matthews,www.linkedin.com/in/jack-matthews-4230b04,ACCEPTED
2014/07/02 10:13:52 UTC,SIP,Kevin,Broadfoot,www.linkedin.com/in/kevin-broadfoot-a505041,ACCEPTED
2014/07/02 10:13:48 UTC,Mobile Devices,Dean,Fresonke,www.linkedin.com/in/fresonke,ACCEPTED
2014/07/02 10:13:38 UTC,SaaS,Tim,Spencer,www.linkedin.com/in/timspencer,ACCEPTED
2014/07/02 10:13:35 UTC,Business Analysis,Orlando,Salvador,www.linkedin.com/in/orlandosalvador,ACCEPTED
2014/07/02 10:13:24 UTC,Broadband,Thomas,Priore,www.linkedin.com/in/tompriore,ACCEPTED
2014/07/02 10:13:16 UTC,Digital Strategy,Jack,Matthews,www.linkedin.com/in/jack-matthews-4230b04,ACCEPTED
2014/07/02 10:13:15 UTC,Strategy,Jim,Grillo,www.linkedin.com/in/jim-grillo-357a7,ACCEPTED
2014/07/02 10:13:14 UTC,Integration,David,Krosel,www.linkedin.com/in/david-krosel-ba30531,ACCEPTED
2014/07/02 10:13:11 UTC,Credit,Lou,Casey,www.linkedin.com/in/lou-casey-09008826,ACCEPTED
2014/07/02 10:13:05 UTC,Wireless,"Robert Syputa,",robert at Maravedis com,www.linkedin.com/in/cloud4g,ACCEPTED
2014/07/02 10:12:53 UTC,Customer Retention,Lou,Casey,www.linkedin.com/in/lou-casey-09008826,ACCEPTED
2014/07/02 10:12:51 UTC,Market Research,Katrina,Britto,www.linkedin.com/in/katrinabritto,ACCEPTED
2014/07/02 10:12:43 UTC,Computer Animation,Robin,King,www.linkedin.com/in/robin-king-8192081,ACCEPTED
2014/07/02 10:12:42 UTC,Integration,Robert,Triffo,www.linkedin.com/in/roberttriffo,ACCEPTED
2014/07/02 10:12:33 UTC,Entrepreneurship,Cheryl,Scoffield,www.linkedin.com/in/cherylscoffield,ACCEPTED
2014/07/02 10:12:31 UTC,Go-to-market Strategy,Kevin,Suitor,www.linkedin.com/in/kevinsuitor,ACCEPTED
2014/07/02 10:12:19 UTC,Cloud Computing,Thomas,Priore,www.linkedin.com/in/tompriore,ACCEPTED
2014/07/02 10:12:05 UTC,Telecommunications,Bob,Giddy,www.linkedin.com/in/bob-giddy-18494b,ACCEPTED
2014/07/02 10:11:56 UTC,Proposal Writing,Tom,Eagles,www.linkedin.com/in/tomeagles,ACCEPTED
2014/07/02 10:11:46 UTC,Staff Development,Tori,Vu,www.linkedin.com/in/torivu,PENDING
2014/07/02 10:11:42 UTC,Film,Diana,Kemp,www.linkedin.com/in/dianakemp,ACCEPTED
2014/07/02 10:11:41 UTC,HVAC,Stephen,Davies,www.linkedin.com/in/stephen-davies-0319823,ACCEPTED
2014/07/02 10:11:39 UTC,IP,Martin,Neville-Smith,www.linkedin.com/in/martin-neville-smith-b968982,ACCEPTED
2014/07/02 10:11:34 UTC,Storytelling,Diana,Kemp,www.linkedin.com/in/dianakemp,ACCEPTED
2014/07/02 10:11:26 UTC,Television,Michael,Quast,www.linkedin.com/in/michaeloquast,ACCEPTED
2014/07/02 10:11:12 UTC,Therapeutic Massage,Danuta,Dabek,www.linkedin.com/in/danuta-dabek-3753b949,PENDING
2014/07/02 10:11:10 UTC,CRM,Timothy,Adler,www.linkedin.com/in/timadler,ACCEPTED
2014/07/02 10:10:58 UTC,Strategic Planning,Margo,Ross,www.linkedin.com/in/margo-ross-389bb95a,ACCEPTED
2014/07/02 10:10:47 UTC,Energy Efficiency,Stephen,Davies,www.linkedin.com/in/stephen-davies-0319823,ACCEPTED
2014/07/02 10:10:46 UTC,Private Equity,Darren,Sissons,www.linkedin.com/in/darren-sissons-a6373a,ACCEPTED
2014/07/02 10:10:44 UTC,Leadership,Tom,Eagles,www.linkedin.com/in/tomeagles,ACCEPTED
2014/07/02 10:10:38 UTC,Product Management,Michael,"Christensen, MBA",www.linkedin.com/in/michaelvchristensen,ACCEPTED
2014/07/02 10:10:31 UTC,SEO,Jovan,Cvejic,www.linkedin.com/in/jovancvejic,ACCEPTED
2014/07/02 10:10:27 UTC,Product Development,Richard,Kun,www.linkedin.com/in/richardkun,ACCEPTED
2014/07/02 10:10:17 UTC,Equities,Darren,Sissons,www.linkedin.com/in/darren-sissons-a6373a,ACCEPTED
2014/07/02 10:10:15 UTC,E-commerce,Jovan,Cvejic,www.linkedin.com/in/jovancvejic,ACCEPTED
2014/07/02 10:10:10 UTC,Entrepreneurship,Keith,Kocho,www.linkedin.com/in/keithkocho,ACCEPTED
2014/07/02 10:10:08 UTC,Strategic Planning,Bruce,Vallor,www.linkedin.com/in/bruce-vallor-3296bb23,PENDING
2014/07/02 10:10:03 UTC,Product Management,Timothy,Adler,www.linkedin.com/in/timadler,ACCEPTED
2014/07/02 10:10:01 UTC,Telecommunications,Thomas,Priore,www.linkedin.com/in/tompriore,ACCEPTED
2014/07/02 10:09:59 UTC,Management Consulting,Karen,"Somerville, PhD, C.Dir. (she/her)",www.linkedin.com/in/karensomervillephd,ACCEPTED
2014/07/02 10:09:53 UTC,Entrepreneurship,Guy,Gagne,www.linkedin.com/in/guy-gagne-6308582a,ACCEPTED
2014/07/02 10:09:52 UTC,Animation,Robin,King,www.linkedin.com/in/robin-king-8192081,ACCEPTED
2014/07/02 10:09:48 UTC,Training,Karen,"Somerville, PhD, C.Dir. (she/her)",www.linkedin.com/in/karensomervillephd,ACCEPTED
2014/07/02 10:09:31 UTC,Wireless,Guy,Gagne,www.linkedin.com/in/guy-gagne-6308582a,ACCEPTED
2014/07/02 10:09:23 UTC,Accounting,Margo,Ross,www.linkedin.com/in/margo-ross-389bb95a,ACCEPTED
2014/07/02 10:09:21 UTC,Product Development,Guy,Gagne,www.linkedin.com/in/guy-gagne-6308582a,ACCEPTED
2014/07/02 10:09:18 UTC,Technical Writing,Tom,Eagles,www.linkedin.com/in/tomeagles,ACCEPTED
2014/07/02 10:09:15 UTC,Executive Coaching,Karen,"Somerville, PhD, C.Dir. (she/her)",www.linkedin.com/in/karensomervillephd,ACCEPTED
2014/07/02 10:09:13 UTC,IPTV,Martin,Neville-Smith,www.linkedin.com/in/martin-neville-smith-b968982,ACCEPTED
2014/07/02 10:09:00 UTC,Git,Andrew,Kalek,www.linkedin.com/in/andrewkalek,ACCEPTED
2014/07/02 10:09:00 UTC,HTML 5,Andrew,Kalek,www.linkedin.com/in/andrewkalek,ACCEPTED
2014/07/02 10:09:00 UTC,JavaScript,Andrew,Kalek,www.linkedin.com/in/andrewkalek,ACCEPTED
2014/07/02 10:09:00 UTC,MongoDB,Andrew,Kalek,www.linkedin.com/in/andrewkalek,ACCEPTED
2014/07/02 10:09:00 UTC,Ruby on Rails,Andrew,Kalek,www.linkedin.com/in/andrewkalek,ACCEPTED
