Endorsement Date,Skill Name,Endorser First Name,Endorser Last Name,Endorser Public Url,Endorsement Status
2016/07/27 01:38:15 UTC,Business Development,David,Krosel,www.linkedin.com/in/david-krosel-ba30531,ACCEPTED
2016/07/27 01:38:15 UTC,Mobile Devices,David,Krosel,www.linkedin.com/in/david-krosel-ba30531,ACCEPTED
2016/07/27 01:38:15 UTC,Start-ups,David,Krosel,www.linkedin.com/in/david-krosel-ba30531,ACCEPTED
2016/07/27 01:38:15 UTC,Strategy,David,Krosel,www.linkedin.com/in/david-krosel-ba30531,ACCEPTED
2016/05/18 21:36:42 UTC,Business Strategy,Timothy,Adler,www.linkedin.com/in/timadler,ACCEPTED
2016/05/18 21:35:40 UTC,Product Management,Timothy,Adler,www.linkedin.com/in/timadler,ACCEPTED
2016/05/17 18:26:37 UTC,Start-ups,Fran,Burke,www.linkedin.com/in/fran-burke-095a72a,ACCEPTED
2016/03/19 17:27:13 UTC,Business Development,Marc,Rabideau,www.linkedin.com/in/marc-rabideau-2a98925,ACCEPTED
2016/03/19 17:27:13 UTC,Mobile Devices,Marc,Rabideau,www.linkedin.com/in/marc-rabideau-2a98925,ACCEPTED
2016/03/19 17:27:13 UTC,Product Management,Marc,Rabideau,www.linkedin.com/in/marc-rabideau-2a98925,ACCEPTED
2016/03/19 17:27:13 UTC,Start-ups,Marc,Rabideau,www.linkedin.com/in/marc-rabideau-2a98925,ACCEPTED
2016/03/19 17:27:13 UTC,Strategy,Marc,Rabideau,www.linkedin.com/in/marc-rabideau-2a98925,ACCEPTED
2016/03/16 15:05:38 UTC,Telecommunications,Claire,Walsh,www.linkedin.com/in/coachclairewalsh,ACCEPTED
2016/02/29 18:42:52 UTC,Business Development,Andrew,Kalek,www.linkedin.com/in/andrewkalek,ACCEPTED
2016/02/29 18:42:37 UTC,Strategy,Andrew,Kalek,www.linkedin.com/in/andrewkalek,ACCEPTED
2016/01/06 13:52:43 UTC,Start-ups,Dragica,Grbavac Robinson,www.linkedin.com/in/dragicag,ACCEPTED
2015/12/02 22:07:21 UTC,Business Development,Pierre,Sarault,www.linkedin.com/in/pierre-sarault-198924,ACCEPTED
2015/11/28 19:11:24 UTC,Mobile Devices,Paul,"Hastings, OAA, MRAIC, LEED AP",www.linkedin.com/in/paul-hastings-oaa-mraic-leed-ap-82307430,ACCEPTED
2015/11/28 19:07:55 UTC,Telecommunications,Paul,"Hastings, OAA, MRAIC, LEED AP",www.linkedin.com/in/paul-hastings-oaa-mraic-leed-ap-82307430,ACCEPTED
2015/10/05 07:08:59 UTC,Product Management,Fernando,Calero,www.linkedin.com/in/fcalero,ACCEPTED
2015/09/23 18:01:18 UTC,Product Management,Richard,Trask,www.linkedin.com/in/richard-trask-91866a3,ACCEPTED
2015/09/18 00:37:03 UTC,Start-ups,Dara,Bowser,www.linkedin.com/in/darabowser,ACCEPTED
2015/08/28 17:37:32 UTC,Start-ups,Andrew,Kalek,www.linkedin.com/in/andrewkalek,ACCEPTED
2015/08/17 19:01:13 UTC,Management,John,Green,www.linkedin.com/in/john-green-26721,ACCEPTED
2015/08/10 18:58:52 UTC,Management,Thomas,Priore,www.linkedin.com/in/tompriore,ACCEPTED
2015/08/10 18:58:36 UTC,Strategy,Thomas,Priore,www.linkedin.com/in/tompriore,ACCEPTED
2015/08/09 17:07:47 UTC,Start-ups,Richard,Kun,www.linkedin.com/in/richardkun,ACCEPTED
2015/08/07 12:07:19 UTC,Leadership,Guy,Gagne,www.linkedin.com/in/guy-gagne-6308582a,ACCEPTED
2015/06/18 09:28:47 UTC,Strategy,Jeff,Tan,www.linkedin.com/in/jeff-tan-68ab732,ACCEPTED
2015/06/09 12:14:08 UTC,Start-ups,Andy,Bell,www.linkedin.com/in/andy-bell-a2008628,ACCEPTED
2015/06/04 19:38:53 UTC,New Business Development,Karen,"Somerville, PhD, C.Dir. (she/her)",www.linkedin.com/in/karensomervillephd,ACCEPTED
2015/05/19 19:11:19 UTC,Business Development,Martin,Neville-Smith,www.linkedin.com/in/martin-neville-smith-b968982,ACCEPTED
2015/05/19 19:10:45 UTC,Management,Martin,Neville-Smith,www.linkedin.com/in/martin-neville-smith-b968982,ACCEPTED
2015/05/18 19:19:46 UTC,Product Management,Edward O.,Ndububa,www.linkedin.com/in/edward-o-ndububa-185488,ACCEPTED
2015/05/07 21:56:06 UTC,New Business Development,Guy,Gagne,www.linkedin.com/in/guy-gagne-6308582a,ACCEPTED
2015/05/07 21:54:55 UTC,Management,Guy,Gagne,www.linkedin.com/in/guy-gagne-6308582a,ACCEPTED
2015/04/29 03:17:11 UTC,Business Development,Guy,Gagne,www.linkedin.com/in/guy-gagne-6308582a,ACCEPTED
2015/04/18 18:48:20 UTC,Strategy,Edward O.,Ndububa,www.linkedin.com/in/edward-o-ndububa-185488,ACCEPTED
2015/04/14 16:39:29 UTC,Start-ups,Dan,Ziegler,www.linkedin.com/in/danziegler1,ACCEPTED
2015/04/06 23:55:03 UTC,Product Management,Aubin,Dorion,www.linkedin.com/in/aubindorion,ACCEPTED
2015/03/11 00:21:21 UTC,Strategy,Perry,O'Neil,www.linkedin.com/in/perry-o-neil-01976a4,ACCEPTED
2015/02/27 05:32:53 UTC,Business Development,Aubin,Dorion,www.linkedin.com/in/aubindorion,ACCEPTED
2015/02/27 05:31:32 UTC,Strategy,Aubin,Dorion,www.linkedin.com/in/aubindorion,ACCEPTED
2015/02/26 17:15:02 UTC,Start-ups,Edward O.,Ndububa,www.linkedin.com/in/edward-o-ndububa-185488,ACCEPTED
2015/02/23 02:06:23 UTC,Strategy,Richard,Trask,www.linkedin.com/in/richard-trask-91866a3,ACCEPTED
2015/01/21 03:07:19 UTC,Business Development,Richard,Trask,www.linkedin.com/in/richard-trask-91866a3,ACCEPTED
2015/01/17 04:31:05 UTC,Management,Timothy,Adler,www.linkedin.com/in/timadler,ACCEPTED
2015/01/02 16:51:28 UTC,Telecommunications,Timothy,Adler,www.linkedin.com/in/timadler,ACCEPTED
2014/12/01 17:42:01 UTC,Start-ups,Thomas,Priore,www.linkedin.com/in/tompriore,ACCEPTED
2014/11/15 14:06:41 UTC,New Business Development,Carolyn,Hudson,www.linkedin.com/in/carolyn,ACCEPTED
2014/11/15 14:06:23 UTC,Strategy,Carolyn,Hudson,www.linkedin.com/in/carolyn,ACCEPTED
2014/11/15 14:06:18 UTC,Entrepreneurship,Carolyn,Hudson,www.linkedin.com/in/carolyn,ACCEPTED
2014/11/15 14:06:16 UTC,Go-to-market Strategy,Carolyn,Hudson,www.linkedin.com/in/carolyn,ACCEPTED
2014/11/15 14:06:13 UTC,Business Development,Carolyn,Hudson,www.linkedin.com/in/carolyn,ACCEPTED
2014/11/15 14:06:12 UTC,Start-ups,Carolyn,Hudson,www.linkedin.com/in/carolyn,ACCEPTED
2014/11/05 16:35:55 UTC,Business Strategy,Karen,"Somerville, PhD, C.Dir. (she/her)",www.linkedin.com/in/karensomervillephd,ACCEPTED
2014/10/31 13:02:22 UTC,Business Development,Osmo,Hautanen,www.linkedin.com/in/santtino,ACCEPTED
2014/10/24 02:26:57 UTC,Strategy,Timothy,Adler,www.linkedin.com/in/timadler,ACCEPTED
2014/10/24 02:25:57 UTC,Business Development,Timothy,Adler,www.linkedin.com/in/timadler,ACCEPTED
2014/09/04 19:13:37 UTC,Business Development,Claire,Walsh,www.linkedin.com/in/coachclairewalsh,ACCEPTED
2014/09/04 19:13:37 UTC,Product Management,Claire,Walsh,www.linkedin.com/in/coachclairewalsh,ACCEPTED
2014/09/04 19:13:37 UTC,Start-ups,Claire,Walsh,www.linkedin.com/in/coachclairewalsh,ACCEPTED
2014/09/04 19:13:37 UTC,Strategy,Claire,Walsh,www.linkedin.com/in/coachclairewalsh,ACCEPTED
2014/08/17 13:35:39 UTC,Entrepreneurship,Karen,"Somerville, PhD, C.Dir. (she/her)",www.linkedin.com/in/karensomervillephd,ACCEPTED
2014/08/11 19:47:26 UTC,Management,Wayne Victor ,Cook,www.linkedin.com/in/waynevcook,ACCEPTED
2014/08/02 14:56:20 UTC,Product Management,Sven,Ghyselinck,www.linkedin.com/in/svenghyselinck,ACCEPTED
2014/08/02 14:53:57 UTC,Start-ups,Sven,Ghyselinck,www.linkedin.com/in/svenghyselinck,ACCEPTED
2014/07/28 22:44:10 UTC,Start-ups,Margo,Ross,www.linkedin.com/in/margo-ross-389bb95a,ACCEPTED
2014/07/25 18:04:19 UTC,Business Planning,Karen,"Somerville, PhD, C.Dir. (she/her)",www.linkedin.com/in/karensomervillephd,ACCEPTED
2014/07/25 18:04:10 UTC,Go-to-market Strategy,Karen,"Somerville, PhD, C.Dir. (she/her)",www.linkedin.com/in/karensomervillephd,ACCEPTED
2014/07/18 15:59:25 UTC,Solution Selling,Tom,Eagles,www.linkedin.com/in/tomeagles,ACCEPTED
2014/07/18 15:58:19 UTC,Management,Tom,Eagles,www.linkedin.com/in/tomeagles,ACCEPTED
2014/07/17 15:37:57 UTC,Solution Selling,John,Green,www.linkedin.com/in/john-green-26721,ACCEPTED
2014/07/09 01:03:43 UTC,Mobile Devices,Thomas,Priore,www.linkedin.com/in/tompriore,ACCEPTED
2014/07/07 14:15:21 UTC,Product Management,John,Green,www.linkedin.com/in/john-green-26721,ACCEPTED
2014/07/07 14:14:13 UTC,Mobile Devices,John,Green,www.linkedin.com/in/john-green-26721,ACCEPTED
2014/07/07 14:13:51 UTC,Business Development,John,Green,www.linkedin.com/in/john-green-26721,ACCEPTED
2014/06/25 11:11:23 UTC,Strategy,David,Tooth,www.linkedin.com/in/david-tooth-b744572,ACCEPTED
2014/06/20 13:08:40 UTC,Strategy,Gary,Baxter,www.linkedin.com/in/gary-baxter-a0244133,ACCEPTED
2014/06/14 04:14:56 UTC,Management,Karen,"Somerville, PhD, C.Dir. (she/her)",www.linkedin.com/in/karensomervillephd,ACCEPTED
2014/06/14 04:13:27 UTC,Product Management,Karen,"Somerville, PhD, C.Dir. (she/her)",www.linkedin.com/in/karensomervillephd,ACCEPTED
2014/05/15 03:18:35 UTC,Solution Selling,Karen,"Somerville, PhD, C.Dir. (she/her)",www.linkedin.com/in/karensomervillephd,ACCEPTED
2014/05/15 03:16:35 UTC,Telecommunications,Karen,"Somerville, PhD, C.Dir. (she/her)",www.linkedin.com/in/karensomervillephd,ACCEPTED
2014/04/21 23:25:41 UTC,Business Development,Paul,"Hastings, OAA, MRAIC, LEED AP",www.linkedin.com/in/paul-hastings-oaa-mraic-leed-ap-82307430,ACCEPTED
2014/04/17 23:03:58 UTC,Product Management,Paul,"Hastings, OAA, MRAIC, LEED AP",www.linkedin.com/in/paul-hastings-oaa-mraic-leed-ap-82307430,ACCEPTED
2014/04/17 23:00:56 UTC,Strategy,Paul,"Hastings, OAA, MRAIC, LEED AP",www.linkedin.com/in/paul-hastings-oaa-mraic-leed-ap-82307430,ACCEPTED
2014/04/17 22:58:29 UTC,Start-ups,Paul,"Hastings, OAA, MRAIC, LEED AP",www.linkedin.com/in/paul-hastings-oaa-mraic-leed-ap-82307430,ACCEPTED
2014/04/04 21:36:38 UTC,Go-to-market Strategy,Rick,Sailor,www.linkedin.com/in/rick-sailor,ACCEPTED
2014/04/04 21:33:53 UTC,Business Development,Rick,Sailor,www.linkedin.com/in/rick-sailor,ACCEPTED
2014/03/13 14:21:26 UTC,Strategy,Guy,Gagne,www.linkedin.com/in/guy-gagne-6308582a,ACCEPTED
2014/02/25 07:31:28 UTC,Business Development,Chris,Michaelson,www.linkedin.com/in/digitalmediachris,ACCEPTED
2014/02/07 12:42:02 UTC,Business Development,Karen,"Somerville, PhD, C.Dir. (she/her)",www.linkedin.com/in/karensomervillephd,ACCEPTED
2014/02/06 03:37:20 UTC,Mobile Devices,Karen,"Somerville, PhD, C.Dir. (she/her)",www.linkedin.com/in/karensomervillephd,ACCEPTED
2014/02/01 15:00:22 UTC,Start-ups,Karen,"Somerville, PhD, C.Dir. (she/her)",www.linkedin.com/in/karensomervillephd,ACCEPTED
2014/01/26 21:58:18 UTC,Strategy,Karen,"Somerville, PhD, C.Dir. (she/her)",www.linkedin.com/in/karensomervillephd,ACCEPTED
2014/01/13 18:21:11 UTC,Mobile Applications,Rick,Sailor,www.linkedin.com/in/rick-sailor,ACCEPTED
2014/01/09 15:25:59 UTC,Business Development,Tony,"Scutella,  BA, MA, CIM",www.linkedin.com/in/tonyscutella,ACCEPTED
2013/10/14 02:12:28 UTC,Professional Services,Tom,Eagles,www.linkedin.com/in/tomeagles,ACCEPTED
2013/10/14 02:12:04 UTC,Leadership,Tom,Eagles,www.linkedin.com/in/tomeagles,ACCEPTED
2013/10/14 02:11:49 UTC,Business Development,Tom,Eagles,www.linkedin.com/in/tomeagles,ACCEPTED
2013/10/09 06:31:46 UTC,Strategy,Marcus,Akhtar,www.linkedin.com/in/marcus-akhtar-79281011,ACCEPTED
2013/10/08 20:37:41 UTC,Professional Services,Warren,Harding,www.linkedin.com/in/warren-harding-404382b,ACCEPTED
2013/10/08 15:50:36 UTC,Strategy,Jim,Grillo,www.linkedin.com/in/jim-grillo-357a7,ACCEPTED
2013/10/03 19:30:13 UTC,Telecommunications,Wayne Victor ,Cook,www.linkedin.com/in/waynevcook,ACCEPTED
2013/10/03 19:29:46 UTC,Go-to-market Strategy,Wayne Victor ,Cook,www.linkedin.com/in/waynevcook,ACCEPTED
2013/10/01 15:01:52 UTC,Strategy,Dan,Ziegler,www.linkedin.com/in/danziegler1,ACCEPTED
2013/10/01 11:57:29 UTC,Mobile Devices,Wayne Victor ,Cook,www.linkedin.com/in/waynevcook,ACCEPTED
2013/10/01 11:56:30 UTC,Business Development,Wayne Victor ,Cook,www.linkedin.com/in/waynevcook,ACCEPTED
2013/10/01 11:56:30 UTC,Product Management,Wayne Victor ,Cook,www.linkedin.com/in/waynevcook,ACCEPTED
2013/09/28 11:22:57 UTC,Leadership,Pierre,Sarault,www.linkedin.com/in/pierre-sarault-198924,ACCEPTED
2013/09/28 11:22:43 UTC,Mobile Devices,Pierre,Sarault,www.linkedin.com/in/pierre-sarault-198924,ACCEPTED
2013/09/23 20:02:14 UTC,Go-to-market Strategy,Thomas,Power,www.linkedin.com/in/thomaspower,ACCEPTED
2013/09/08 20:21:58 UTC,Professional Services,Dragica,Grbavac Robinson,www.linkedin.com/in/dragicag,ACCEPTED
2013/08/21 21:41:55 UTC,Strategy,Sven,Ghyselinck,www.linkedin.com/in/svenghyselinck,ACCEPTED
2013/08/20 10:42:07 UTC,Product Management,Thomas,Power,www.linkedin.com/in/thomaspower,ACCEPTED
2013/08/20 10:42:00 UTC,Telecommunications,Thomas,Power,www.linkedin.com/in/thomaspower,ACCEPTED
2013/08/15 11:48:32 UTC,Strategy,Pierre,Sarault,www.linkedin.com/in/pierre-sarault-198924,ACCEPTED
2013/08/15 11:48:22 UTC,Start-ups,Pierre,Sarault,www.linkedin.com/in/pierre-sarault-198924,ACCEPTED
2013/08/15 11:48:08 UTC,Professional Services,Pierre,Sarault,www.linkedin.com/in/pierre-sarault-198924,ACCEPTED
2013/08/12 13:10:26 UTC,Start-ups,Osmo,Hautanen,www.linkedin.com/in/santtino,ACCEPTED
2013/08/07 02:25:33 UTC,Professional Services,Daryl,Daley,www.linkedin.com/in/daryl-daley-techrecruiter-hiresmarttech,ACCEPTED
2013/08/02 18:34:17 UTC,Start-ups,Diana,Kemp,www.linkedin.com/in/dianakemp,ACCEPTED
2013/08/02 18:33:24 UTC,Professional Services,Diana,Kemp,www.linkedin.com/in/dianakemp,ACCEPTED
2013/07/31 14:10:49 UTC,Start-ups,Gay,Miller,www.linkedin.com/in/gaymiller,ACCEPTED
2013/07/26 18:56:16 UTC,Strategy,Wayne Victor ,Cook,www.linkedin.com/in/waynevcook,ACCEPTED
2013/07/26 18:56:13 UTC,Start-ups,Wayne Victor ,Cook,www.linkedin.com/in/waynevcook,ACCEPTED
2013/07/26 10:07:49 UTC,Leadership,Wayne Victor ,Cook,www.linkedin.com/in/waynevcook,ACCEPTED
2013/07/21 21:58:37 UTC,Strategy,Fernando,Calero,www.linkedin.com/in/fcalero,ACCEPTED
2013/07/20 22:20:22 UTC,Telecommunications,DR. CINDY,GORDON ICD.D.,www.linkedin.com/in/drcindygordon,ACCEPTED
2013/07/19 16:32:18 UTC,Leadership,Rick,Sailor,www.linkedin.com/in/rick-sailor,ACCEPTED
2013/07/17 11:31:37 UTC,Leadership,DR. CINDY,GORDON ICD.D.,www.linkedin.com/in/drcindygordon,ACCEPTED
2013/07/17 11:31:23 UTC,Strategy,DR. CINDY,GORDON ICD.D.,www.linkedin.com/in/drcindygordon,ACCEPTED
2013/07/17 04:28:19 UTC,Strategy,Matthew,Bailey,www.linkedin.com/in/mrbrit,ACCEPTED
2013/07/16 12:13:08 UTC,Professional Services,Wayne Victor ,Cook,www.linkedin.com/in/waynevcook,ACCEPTED
2013/07/10 23:29:20 UTC,Professional Services,Fernando,Calero,www.linkedin.com/in/fcalero,ACCEPTED
2013/07/09 02:29:27 UTC,Start-ups,DR. CINDY,GORDON ICD.D.,www.linkedin.com/in/drcindygordon,ACCEPTED
2013/07/09 02:28:55 UTC,Professional Services,DR. CINDY,GORDON ICD.D.,www.linkedin.com/in/drcindygordon,ACCEPTED
2013/07/08 15:18:57 UTC,Start-ups,Phoenix,Kuo Kong,www.linkedin.com/in/phoenix-kuo-kong-b554128,ACCEPTED
2013/06/21 12:27:40 UTC,Strategy,Peter,Fosbery,www.linkedin.com/in/peter-fosbery-66ba938,ACCEPTED
2013/06/03 13:02:49 UTC,Strategy,Gay,Miller,www.linkedin.com/in/gaymiller,ACCEPTED
2013/05/31 11:57:55 UTC,Strategy,Dragica,Grbavac Robinson,www.linkedin.com/in/dragicag,ACCEPTED
2013/05/25 02:39:42 UTC,Entrepreneurship,DR. CINDY,GORDON ICD.D.,www.linkedin.com/in/drcindygordon,ACCEPTED
2013/05/08 11:37:49 UTC,Business Development,Wally,Boonstra,www.linkedin.com/in/wally-boonstra-737b6721,ACCEPTED
2013/05/08 11:36:59 UTC,Start-ups,Wally,Boonstra,www.linkedin.com/in/wally-boonstra-737b6721,ACCEPTED
2013/05/06 18:08:44 UTC,Telecommunications,Rick,Sailor,www.linkedin.com/in/rick-sailor,ACCEPTED
2013/05/02 18:48:20 UTC,Start-ups,Darren,Sissons,www.linkedin.com/in/darren-sissons-a6373a,ACCEPTED
2013/05/01 13:05:01 UTC,Mobile Devices,Wally,Boonstra,www.linkedin.com/in/wally-boonstra-737b6721,ACCEPTED
2013/05/01 13:03:36 UTC,Product Management,Wally,Boonstra,www.linkedin.com/in/wally-boonstra-737b6721,ACCEPTED
2013/04/26 04:23:05 UTC,Business Development,Jovan,Cvejic,www.linkedin.com/in/jovancvejic,ACCEPTED
2013/04/12 16:23:19 UTC,Telecommunications,David,Murphy,www.linkedin.com/in/david-murphy-5661541b,ACCEPTED
2013/04/11 06:25:38 UTC,Business Development,Mike,Gianfriddo,www.linkedin.com/in/mike-gianfriddo-40331a16,ACCEPTED
2013/04/11 06:25:38 UTC,Product Management,Mike,Gianfriddo,www.linkedin.com/in/mike-gianfriddo-40331a16,ACCEPTED
2013/04/11 06:25:38 UTC,Mobile Devices,Mike,Gianfriddo,www.linkedin.com/in/mike-gianfriddo-40331a16,ACCEPTED
2013/04/11 06:25:38 UTC,Start-ups,Mike,Gianfriddo,www.linkedin.com/in/mike-gianfriddo-40331a16,ACCEPTED
2013/04/11 06:25:38 UTC,Strategy,Mike,Gianfriddo,www.linkedin.com/in/mike-gianfriddo-40331a16,ACCEPTED
2013/04/04 03:20:54 UTC,Mobile Devices,Dara,Bowser,www.linkedin.com/in/darabowser,ACCEPTED
2013/04/04 03:13:00 UTC,Strategy,Dara,Bowser,www.linkedin.com/in/darabowser,ACCEPTED
2013/03/16 21:43:32 UTC,Sales,Thomas,Power,www.linkedin.com/in/thomaspower,ACCEPTED
2013/03/16 21:42:02 UTC,Cloud Computing,Thomas,Power,www.linkedin.com/in/thomaspower,ACCEPTED
2013/03/16 21:41:56 UTC,Business Strategy,Thomas,Power,www.linkedin.com/in/thomaspower,ACCEPTED
2013/03/16 21:41:36 UTC,Networking,Thomas,Power,www.linkedin.com/in/thomaspower,ACCEPTED
2013/03/16 21:41:23 UTC,Business Development,Thomas,Power,www.linkedin.com/in/thomaspower,ACCEPTED
2013/03/16 21:41:17 UTC,Marketing,Thomas,Power,www.linkedin.com/in/thomaspower,ACCEPTED
2013/03/16 21:40:19 UTC,Management,Thomas,Power,www.linkedin.com/in/thomaspower,ACCEPTED
2013/03/16 21:40:11 UTC,Mobile Devices,Thomas,Power,www.linkedin.com/in/thomaspower,ACCEPTED
2013/03/16 21:40:10 UTC,New Business Development,Thomas,Power,www.linkedin.com/in/thomaspower,ACCEPTED
2013/03/16 21:40:02 UTC,Leadership,Thomas,Power,www.linkedin.com/in/thomaspower,ACCEPTED
2013/03/13 12:27:47 UTC,Strategy,Lee,Thomas,www.linkedin.com/in/lee-thomas-01860113,ACCEPTED
2013/03/08 18:49:48 UTC,IPTV,Rick,Sailor,www.linkedin.com/in/rick-sailor,ACCEPTED
2013/03/08 18:47:47 UTC,Solution Selling,Rick,Sailor,www.linkedin.com/in/rick-sailor,ACCEPTED
2013/03/06 12:47:51 UTC,Strategy,Wally,Boonstra,www.linkedin.com/in/wally-boonstra-737b6721,ACCEPTED
2013/03/04 17:08:55 UTC,Business Development,Margo,Ross,www.linkedin.com/in/margo-ross-389bb95a,ACCEPTED
2013/03/04 17:07:36 UTC,Strategy,Margo,Ross,www.linkedin.com/in/margo-ross-389bb95a,ACCEPTED
2013/02/25 17:05:28 UTC,IP,Rick,Sailor,www.linkedin.com/in/rick-sailor,ACCEPTED
2013/02/25 17:00:08 UTC,Strategy,Rick,Sailor,www.linkedin.com/in/rick-sailor,ACCEPTED
2013/02/23 11:01:49 UTC,Product Management,Martin,Neville-Smith,www.linkedin.com/in/martin-neville-smith-b968982,ACCEPTED
2013/02/23 11:01:14 UTC,Mobile Devices,Martin,Neville-Smith,www.linkedin.com/in/martin-neville-smith-b968982,ACCEPTED
2013/02/23 10:58:59 UTC,Start-ups,Martin,Neville-Smith,www.linkedin.com/in/martin-neville-smith-b968982,ACCEPTED
2013/02/23 10:58:21 UTC,Strategy,Martin,Neville-Smith,www.linkedin.com/in/martin-neville-smith-b968982,ACCEPTED
2013/02/14 21:38:05 UTC,Start-ups,Thomas,Power,www.linkedin.com/in/thomaspower,ACCEPTED
2013/02/14 21:35:45 UTC,Entrepreneurship,Thomas,Power,www.linkedin.com/in/thomaspower,ACCEPTED
2013/02/14 21:19:28 UTC,Strategy,Thomas,Power,www.linkedin.com/in/thomaspower,ACCEPTED
2013/02/08 21:58:46 UTC,Start-ups,Tom,Eagles,www.linkedin.com/in/tomeagles,ACCEPTED
2013/02/08 18:32:35 UTC,Strategy,Osmo,Hautanen,www.linkedin.com/in/santtino,ACCEPTED
2013/02/08 13:47:21 UTC,Strategy,Tom,Eagles,www.linkedin.com/in/tomeagles,ACCEPTED
2013/02/07 04:12:16 UTC,Strategy,Dorian,Pula,www.linkedin.com/in/dorianpula,ACCEPTED
2013/02/06 21:58:23 UTC,Start-ups,Cheryl,Scoffield,www.linkedin.com/in/cherylscoffield,ACCEPTED
2013/02/06 21:58:04 UTC,Strategy,Cheryl,Scoffield,www.linkedin.com/in/cherylscoffield,ACCEPTED
2013/02/06 07:15:37 UTC,Product Management,David,Murphy,www.linkedin.com/in/david-murphy-5661541b,ACCEPTED
2013/02/06 07:15:15 UTC,Mobile Devices,David,Murphy,www.linkedin.com/in/david-murphy-5661541b,ACCEPTED
2013/02/03 03:30:59 UTC,Start-ups,David,Murphy,www.linkedin.com/in/david-murphy-5661541b,ACCEPTED
2013/02/03 03:30:39 UTC,Strategy,David,Murphy,www.linkedin.com/in/david-murphy-5661541b,ACCEPTED
2013/01/31 21:57:36 UTC,Product Management,David,Krosel,www.linkedin.com/in/david-krosel-ba30531,ACCEPTED
2013/01/31 00:40:12 UTC,Wireless,Guy,Gagne,www.linkedin.com/in/guy-gagne-6308582a,ACCEPTED
2013/01/31 00:31:28 UTC,Telecommunications,Guy,Gagne,www.linkedin.com/in/guy-gagne-6308582a,ACCEPTED
2013/01/31 00:26:43 UTC,Mobile Devices,Guy,Gagne,www.linkedin.com/in/guy-gagne-6308582a,ACCEPTED
2013/01/31 00:24:37 UTC,Start-ups,Guy,Gagne,www.linkedin.com/in/guy-gagne-6308582a,ACCEPTED
2013/01/31 00:22:08 UTC,Product Management,Guy,Gagne,www.linkedin.com/in/guy-gagne-6308582a,ACCEPTED
2013/01/30 20:51:33 UTC,Start-ups,Rick,Sailor,www.linkedin.com/in/rick-sailor,ACCEPTED
2013/01/30 20:42:50 UTC,Product Management,Rick,Sailor,www.linkedin.com/in/rick-sailor,ACCEPTED
2013/01/30 08:04:52 UTC,Product Management,Osmo,Hautanen,www.linkedin.com/in/santtino,ACCEPTED
2013/01/29 03:57:17 UTC,Start-ups,Timothy,Adler,www.linkedin.com/in/timadler,ACCEPTED
2013/01/26 14:39:29 UTC,Product Management,DR. CINDY,GORDON ICD.D.,www.linkedin.com/in/drcindygordon,ACCEPTED
2013/01/25 11:42:50 UTC,Product Management,David,Tooth,www.linkedin.com/in/david-tooth-b744572,ACCEPTED
2013/01/22 22:05:35 UTC,Product Management,Pierre,Sarault,www.linkedin.com/in/pierre-sarault-198924,ACCEPTED
2013/01/22 03:36:29 UTC,Product Management,Chris,Michaelson,www.linkedin.com/in/digitalmediachris,ACCEPTED
2013/01/21 12:25:27 UTC,Product Management,Jeff,Tan,www.linkedin.com/in/jeff-tan-68ab732,ACCEPTED
2013/01/14 09:58:22 UTC,Product Management,James,Cape,www.linkedin.com/in/james-cape-459b732,ACCEPTED
2013/01/10 13:23:00 UTC,Product Management,Andrew,Hempel,www.linkedin.com/in/andrew-hempel,ACCEPTED
2013/01/03 16:26:10 UTC,Strategy,Tony,"Scutella,  BA, MA, CIM",www.linkedin.com/in/tonyscutella,ACCEPTED
2013/01/02 16:42:40 UTC,Start-ups,Tony,"Scutella,  BA, MA, CIM",www.linkedin.com/in/tonyscutella,ACCEPTED
2012/12/19 13:25:15 UTC,Product Management,Ray,Winfield,www.linkedin.com/in/raywinfield,ACCEPTED
2012/12/19 06:17:37 UTC,Strategy,Jovan,Cvejic,www.linkedin.com/in/jovancvejic,ACCEPTED
2012/12/19 06:09:04 UTC,Start-ups,Jovan,Cvejic,www.linkedin.com/in/jovancvejic,ACCEPTED
2012/12/11 18:57:39 UTC,Product Management,Daryl,Daley,www.linkedin.com/in/daryl-daley-techrecruiter-hiresmarttech,ACCEPTED
2012/12/06 07:58:37 UTC,Product Management,Andy,Verma,www.linkedin.com/in/andyverma,ACCEPTED
2012/12/05 20:53:57 UTC,Product Management,Thomas,Priore,www.linkedin.com/in/tompriore,ACCEPTED
2012/12/01 11:09:14 UTC,Product Management,Lucas,SKOCZKOWSKI,www.linkedin.com/in/lskoczkowski,ACCEPTED
2012/11/28 16:08:25 UTC,Product Management,Peter,Turcaj,www.linkedin.com/in/peterturcaj,ACCEPTED
2012/11/25 17:07:42 UTC,Product Management,Manny,Dilecce,www.linkedin.com/in/manny-dilecce-a16937a,ACCEPTED
2012/11/22 20:31:26 UTC,Product Management,Carolyn,Anderson,www.linkedin.com/in/carolynanderson-revenuegrowthleader,ACCEPTED
2012/11/13 13:31:02 UTC,Start-ups,Tim,"Empringham, MBA",www.linkedin.com/in/succeedsooner,ACCEPTED
2012/11/13 13:25:17 UTC,Product Management,Tim,"Empringham, MBA",www.linkedin.com/in/succeedsooner,ACCEPTED
2012/11/12 15:25:23 UTC,Product Management,Richard,Stultz,www.linkedin.com/in/richard-stultz-7313a0,ACCEPTED
2012/11/11 20:37:19 UTC,Mobile Devices,Darren,Sissons,www.linkedin.com/in/darren-sissons-a6373a,ACCEPTED
2012/11/05 17:18:49 UTC,Telecommunications,Niko,Kacikanis,www.linkedin.com/in/nikokacikanis,ACCEPTED
2012/10/29 23:54:12 UTC,Product Management,Tom,Eagles,www.linkedin.com/in/tomeagles,ACCEPTED
2012/10/29 23:51:59 UTC,Wireless,Tom,Eagles,www.linkedin.com/in/tomeagles,ACCEPTED
2012/10/29 23:49:17 UTC,Strategic Partnerships,Tom,Eagles,www.linkedin.com/in/tomeagles,ACCEPTED
2012/10/29 23:46:45 UTC,Mobile Devices,Tom,Eagles,www.linkedin.com/in/tomeagles,ACCEPTED
2012/10/29 23:20:10 UTC,Telecommunications,Tom,Eagles,www.linkedin.com/in/tomeagles,ACCEPTED
2012/10/25 12:21:36 UTC,Telecommunications,Gay,Miller,www.linkedin.com/in/gaymiller,ACCEPTED
2012/10/22 12:05:46 UTC,Telecommunications,Thomas,Priore,www.linkedin.com/in/tompriore,ACCEPTED
2012/10/09 15:43:58 UTC,Mobile Devices,Timothy,Adler,www.linkedin.com/in/timadler,ACCEPTED
2012/10/09 15:36:08 UTC,Wireless,Timothy,Adler,www.linkedin.com/in/timadler,ACCEPTED
