HashTag,CreatedTime,LastModifiedTime,State
creativewriting,2018-09-25 14:55:29,2018-09-25 14:55:29,Follow
artificialintelligence,2018-09-25 14:55:05,2018-09-25 14:55:05,Follow
internetofthings,2018-09-25 14:55:04,2018-09-25 14:55:04,Follow
economy,2018-09-25 14:54:57,2018-09-25 14:54:57,Follow
cognitivescience,2018-09-25 14:54:48,2018-09-25 14:54:48,Follow
neuroscience,2018-09-25 14:54:41,2018-09-25 14:54:41,Follow
futurism,2018-09-25 14:54:37,2018-09-25 14:54:37,Follow
technology,2018-09-25 14:54:36,2018-09-25 14:54:36,Follow
startups,2018-09-25 14:54:11,2018-09-25 14:54:11,Follow
