Category,Type of inference,Description,Inference
Career inferences,Freelancer,"Based on factors such as your profile experience, summary, and headline.",true
Career inferences,Human resources professional,Based on factors such as your industry and profile headline.,No
Inferred interests,Interested in media about technology,"Interested in technology media outlets, such as Venturebeat, Ted Conferneces, Wired, TechCrunch, Gizmodo, Engadget, Mashable, PCMag, Fast Company, Popular Science, The Verge, and Tech Dirt. Based on factors such as companies followed.",true
Inferred personal characteristics,Inferred gender,Based on your first name and other factors.,MALE
Job search inferences,Interested in a new job,Based on whether you searched for a job or clicked on a posting in the past 30 days.,true