Content Title,Content Description,Content Type,Content Last Watched Date (if viewed),Content Completed At (if completed),Content Saved,Notes taken on videos (if taken),
Giving Your Elevator Pitch,"It's important to make a good impression in just the first few minutes you spend with potential mentors, clients, or even friends. In this short course, author and business coach Dr. Todd Dewett explains how to tell others what you do and make a memorable impression in a short period of time with a personal ""elevator pitch."" Maximize your connection in a minimal amount of time, and start making valuable additions to your network from the get-go.",Course,2018-09-25 15:02 UTC,N/A,false,N/A,
Solution Sales,"The modern buyer is more knowledgeable and savvy than ever before. By taking a collaborative approach with the buyer and developing solutions, instead of relying on outdated sales tactics, professional sellers can create real value for clients and subsequently close more deals. Learn the <i>solution selling</i> method, and find out how to shift the emphasis from product features to customer value.<br><br>

Leadership and revenue growth expert Scott Edinger explains what selling a solution really means and why it is vital when selling large deals or sophisticated products and services. He shows how to develop the solution-selling mindset, cultivate peer-level relationships with customers, identify real objectives, and create value. By understanding how to implement the solution-selling methodology, you can create natural and pressure-less sales interactions that accelerate revenue growth and improve customer loyalty.",Course,2022-02-17 16:58 UTC,N/A,false,N/A,
Sheryl Sandberg and Adam Grant on Option B: Building Resilience,"Dodging adversity is often not a choice. Encountering a devastating event—the gut-wrenching kind that zaps away joy—is an inevitability of life. In their <em>New York Times</em> best-selling book <em>Option B: Facing Adversity, Building Resilience, and Finding Joy</em>, Facebook COO Sheryl Sandberg and Wharton psychologist Adam Grant share their insights on building resilience in the face of such setbacks. They offer practical steps you can take to reimagine and rebuild your life when your first choice—your Option A—is no longer on the table, and you're faced with the task of making the absolute best of Option B. This course highlights some of the powerful topics in this book, including how to talk to friends and colleagues who are hurting when you're not sure what to say, how to fight the idea that the hurt you're feeling is permanent, and how to give yourself permission to experience happiness again.<br><br> For additional resources and support, check out <a href=""https://optionb.org/"" target=""_blank""> OptionB.Org</a>, a nonprofit initiative dedicated to helping individuals build resilience in the face of adversity.",Course,2021-02-02 18:12 UTC,N/A,false,N/A,
Learning Adobe Audition,"Adobe Audition is a powerful tool for recording, editing, enhancing, and mixing audio of all kinds. It's also a deep program that can seem intimidating at first, but don’t let that stop you from exploring. In this course, author of the official <i>Adobe Audition Classroom in a Book</i> Maxim Jago breaks it down for you, outlining the key features and processes involved in creating great-sounding audio with Audition. An ideal fit for podcasters, audio producers, and video producers working with audio, this course equips you with the skills you need to produce and share exceptional audio content on your next project.",Course,2025-01-28 17:09 UTC,N/A,false,N/A,
Nano Tips for Negotiating Your Salary with Sho Dewan,"<p>Welcome to our <i>Nano Tips</i> series, where LinkedIn Learning creators deliver impactful lessons in literally seconds. In this installment, discover the secrets to navigating a successful salary negotiation, with key insights from Sho Dewan, the CEO and founder of Workhap and a LinkedIn Top Voice in Job Search and Careers.</p><p>Learn the essentials of talking about salary so you know what to say when it counts. Find out how to research salaries, work closely with recruiters, share your salary expectations, and consider your compensation package beyond just the numbers. Sho walks you through the three most important things to know before you even start the negotiation, with pointers on how to make a counteroffer that’s fair to you and competitive with the market. Along the way, Sho also tells what to say when you’re ready to ask for a raise.</p>",Course,2023-02-12 13:49 UTC,N/A,false,N/A,
Foundations of Raising Capital,"<p>For many businesses, success is dependent on raising the capital necessary to fund the business to a point of profitability—and that capital can come from a variety of sources. In this course, explore several different methods for raising capital for your business, including loans, accelerator programs, crowdfunding, and venture capital. Instructor Jay Clouse sets you up for success by covering what to do before you pursue investment options, explaining who invests in businesses, why they do it, and how to convince them to invest in yours. Jay shares tips for constructing a presentation to support your pitch, as well as building effective relationships with potential investors. And throughout the course, he delves into both traditional funding options, such as banks and angel investors, and newer alternative forms of funding. </p><p>This course is part of a <a href=""https://www.linkedin.com/learning/paths/entrepreneurship-learning-pathway"" target=""_blank"">Professional Certificate</a> from Microsoft.</p>",Course,2021-03-14 16:25 UTC,N/A,false,N/A,
Programming Foundations: Algorithms (2018),"Algorithms are the universal building blocks of programming. They power the software you use every day, whether it's a spreadsheet, a social network, or a driving assistant. Algorithms offer a way to think about programming challenges in plain English, before they are translated into a specific language like C# or JavaScript. In this course, author and developer Joe Marini explains some of the most popular and useful algorithms for searching and sorting information, working with techniques like recursion, and understanding common data structures. He also discusses the performance implications of different algorithms and how to evaluate the performance of a given algorithm. Each algorithm is shown in practice in Python, but the lessons can be applied to any programming language.",Course,2021-02-08 04:44 UTC,N/A,false,N/A,
Symmetric Cryptography Essential Training,"If you work with computers, you use cryptography. Symmetric cryptography is a common method that uses the same key for encryption and decryption of data. Faster and less resource-intensive than asymmetric cryptography, symmetric cryptography is important for all IT professionals to understand. This course delivers a practical overview of the technology, emphasizing high-level concepts that affect how our data is stored and transmitted. Jeremy Hansen explains the difference between single key (symmetric) and multiple key (asymmetric) algorithms, and shows how symmetric encryption affects underlying binary data. Learn about the basic ciphers used in symmetric cryptography, including substitution, permutation, and transposition, and influential symmetric-key algorithms like the Advanced Encryption Standard and its predecessor, the Data Encryption Standard. Review modern block cipher modes like cipher block chaining (CBC), cipher feedback (CFB), and counter (CTR), which can help secure large amounts of data.",Course,2024-11-19 18:32 UTC,N/A,false,N/A,
