Company Name,Title,Description,Location,Started On,Finished On
GroupBuild,Interim CEO (pro-bono),"GroupBuild is a special purpose social media platform, where advocacy Groups discuss political policies and promote public events.    BeAxa--an AI collective--gives each user an ethical intent score, rewarding truthfullness, honesty and civility, because users are otherwise known only by their AnonID's.  This prevents user-profiling, while anti-tracking technologies prevent Governments or Commercial interests from targetting individuals, and  while multi-path encryption over multiple redundant networks ensures connectivity.   Emergent technologies can help Democracies remain standing, against unprecedented misinformation, aimed at manipulating any individual's thoughts.  If today's politics feel profoundly disturbing, your opinions may already be owned.  While Group discussions often oppose the ruling authority, GroupBuild's own policies are centrist, non-authoritarian.  Democracy should be rational compromise, not an extremist hijack.    We are entirely-staffed by volunteers, in many countries, using open-source code on safe-haven, rapid-relocate servers.  We do not store identifying information, we are Not-For-Profit, we are owned by the digital commons, we are led by option-scores where all voters matter, and we will never sell you out.  Join us to empower ""We The People"".","Washington, District of Columbia, United States",Feb 2025,
EntMent,"CEO (Chief Entrepreneur Organizer, pro-bono)",Mentor to under-funded software entrepreneurs -- sometimes unwisely angel-funding moonshots.,"Oakville, Canada",Feb 2009,Mar 2020
Maxxian,VP Business Development,"Software for Cable-TV traffic-analysis -- sold into uncontested $50M-niche, e.g. Comcast, Rogers.","Toronto, Canada",Oct 2008,Mar 2009
VisionMAX,VP Business Development,Software developer for web/mobile ecommerce -- led Sales/Marketing department.,"Toronto, Canada",Oct 2007,Sep 2008
Redline Communications,Director Solutions Marketing,"Designer of Radio Networks (WiFi, WLAN, RFID) -- developed marketing strategy.","Toronto, Canada",Apr 2007,Jun 2007
Amino Communications,Technology Partnerships,"Developer of IPTV set-top-boxes -- aligned product management across a global, multi-vendor ecosystem.","Atlanta, Georgia",May 2006,Dec 2006
Ericsson,Strategic Accounts Director,"Mobile Network Infrastructures -- led entry into Cable-TV market, e.g. Comcast, Time Warner.","Dallas, Texas",Aug 2005,Jan 2006
InSeed.,CEO,"Interim Executives for Venture Capital tech-startups -- re-wrote Business Plans, field-tested technologies, integrated multi-vendor systems and launched products/services, globally.","Toronto, Canada",Jan 2001,Aug 2005
Formus Communications,Country Manager (~10-countries),"Global Wireless Service Provider -- ran $100M-sales in 16-countries, each OPEX-budget aprox. $1M/yr.","Sydney, Australia",1998,2001
Formus Communications,VP Business Development,"Wireless Service Provider, startup phase -- wrote Business Plan, raised $450M in Venture Capital, launched country-markets, independently achieved first $15M sales profit.","Denver, Colorado; The Hague, Netherlands",1996,1998
Liberty Global,"Director, Convergence","European/Asian Cable-TV and Wireless Operator -- led M&A due diligence, operations analysis, subsidiary restructuring, wrote technology road-maps and secured technology partners.","Denver, Colorado",1995,1996
Deloitte,Account Manager,"Business Strategy Consultancy -- designed business processes and systems for mobile ecommerce clients, e.g. Rogers.","Toronto, Canada",1993,1995
Rogers Communications (Fido),Interim-VP Operations,"Canadian Mobile Operator, startup phase -- obtained $Billion Government license and organized the initial ownership consortium, negotiated $500M-infrastructure deal and led launches in the first 3-cities.","Toronto, Canada",1991,1993
Motorola,Network Engineer,"Mobile Networks and Devices --  provided technical support to network operators, e.g. British Telecom.","Basingstoke, UK",1986,1988
