First Name,Last Name,Company,Job Title,Text,Creation Date,Status
Jim,Grillo,Saint Josesph Hospital Foundation,Board Member,"Rick was a critical to Formus' rise from startup to $billion capitalization in only a few years. Rick has very strong people skills and, in international biz dev, he was pivotal in many of our relationships and joint venture agreements.  Rick is great to work with and has diverse person interests that always enlighten business and personal conversations.","04/18/11, 06:09 PM",VISIBLE
Jeff,Richmond,NAFOR Inc.,President,"Rick is great to work with and has a lot of vision and passion. We work together on an advisory board.  Besides being a fun and engaging person, I find that Rick has an amazing ability to inspire entrepreneurs while asking the tough questions required to assist with the growth of a start-up company. Rick is a true team player who shares his experience and time with the community in order to make a difference.","05/13/10, 07:24 AM",VISIBLE
Tom,Eagles,WriteGuy Consulting,Owner & Principal Consultant - Pursuit & Proposal Management,"I worked with Rick in the Business Development department at VisionMAX. Rick is very easy to get along with, possessed of vision and vitality, and never at a loss for new and creative approaches to business development challenges.    Rick not only directed the message that would become the focus of our marketing efforts at VisionMAX, he also directed the focus of each person who reported to him so that marketing efforts were coordinated and effective. I highly enjoyed Rick's engaging management style, and I do heartily recommend him.","01/13/10, 12:39 PM",VISIBLE
Dorian,Pula,Points,DevOps SysAdmin,"Rick is a forward thinking manager who inspires and challenges his team.  He has a deep understanding and knowledge of how to make technology, process and people drive a business forward to success.  He is both a very competent manager and fantastic person to work with.  Rick is truly an asset to any project or business that has the good fortune to work with him.","11/30/09, 02:48 PM",VISIBLE
Kevin,Suitor,NetGnoSys,Founder & Managing Partner,"Rick worked for me as Director Solutions Marketing while under my supervision, his responsibilities included researching solution briefs, writing application notes, attending conferences and trade shows, and providing assistance to our sales and support staff on matters relating to our Mobile WiMAX strategy and solutions.  It was a pleasure working with Rick, and I highly recommend him as a business and strategic consultant in the telecom equipment and telecom provider sectors.","09/22/09, 07:06 AM",VISIBLE
Rick,Sailor,"S&S Solutions, LLC",Co-Founder,"Richard Ballard was a true professional Business Development / Technology Partnerships executive when we were together at Amino Communications.  Richard clearly understands the end customer RIO requirements of IPTV service - with the watch full eye on technical partnership integration capabilities.  All while analyzing, scrutinizing and qualifying the sales and marketing impact of any change.","09/09/09, 01:05 PM",VISIBLE
Michael,"Christensen, MBA",MVC Financial Systems,Founder,"Rick brings a variety of experience and skills to the table, not least of all fresh thinking and ideas. He is able to quickly assimilate new environments, business models, and technologies to put together and present a compelling value proposition. Able to work with all corporate levels, I am confident in recommending Rick.","09/30/08, 09:50 AM",VISIBLE
Gay,Miller,Miller Gleann Consulting,Sr. Business/Strategy Consultant,"I first met Richard when we were on a speaking panel at the Schulich School of Business (Risk Management). I was struck, at the time, with his ability to clearly articulate the issues related to risk management as seen by an entrepreneur - it was not only educational, and humorous, but thought provoking.   Since then it has become clear to me that Richard is a visionary with leadership capability - these do not always go hand in hand. He also has a unique way of looking at issues that results in unique solutions!","09/19/08, 11:56 AM",VISIBLE
David,McDougall,Visionmax Solutions Inc. (www.visionmax.com),President & C.E.O.,"Richard (Rick) is a great deal-maker with management skills in Business Development and Marketing.  Rick has many creative ideas and can bring outside the box thinking to organizations looking to expand their horizons.  Rick feels equally comfortable in technology, marketing, graphics/design, and executive discusssions.  Rick works best with the top echillon of management at potential clients and will bring a professional and experienced viewpoint to these high-level discussions.  Rick is highly-skilled at finding technology gems and providing a business message around a great financial return for the customer.  Rick was able to help refocus our company's value proposition around our VisionEngine GUI development platform and package an executive value proposition that was hard to beat.","09/19/08, 08:21 AM",VISIBLE
Michael,Murphy,Medical and Handicap Equipment Services,Regional Sales Manager,"While working with Richard on several international telecom projects, I found his insight and business accumen to be invaluable in the course of helping us promote business involving $100M + deals.  I give my highest recommendation of Richard as a professional consultant for your next venture.","09/15/08, 02:04 PM",VISIBLE
Timothy,Adler,CRWDWORLD,Platinum Distributor and Reseller,Richard has excellent competencies in the IPTV and wireless environments and drives necessary actions to successful product management and partnerships. He is clearly customer focused and targeted on problem solving. I would welcome working with Richard again in future opportunities.,"07/24/08, 07:07 PM",VISIBLE
Sanjay,Singhal,Sanjay Says,Writer,"Richard and I have worked together on several initiatives, after meeting as consultants at PRTM. Richard knows the telecom business inside and out and is great to work with. He goes the extra mile to be of help to his colleagues and friends and has been the source of several opportunities to me personally that have resulted in professional success.","08/28/07, 08:50 AM",VISIBLE
Fabrizio,Candoni,Wegreenit SpA,"Chairman, CEO",Richard was a strong regional manager. His mission was to build an operating company and...he did it! Richard has a lot of insight into market requirements. You can trust him!,"03/11/07, 02:36 PM",VISIBLE
Maurie,Dobbin,TeleResources Engineering (Aust) Pty Ltd,Managing Director,When I first met Richard I was impressed by his drive and enthusiasm. Nothing was impossible however he was also exacting in getting the most out of the teams that worked for him driving them to achieve his goals.,"06/14/06, 03:46 PM",VISIBLE
Darren,Sissons,"Campbell, Lee & Ross Investment Management",Partner & Portfolio Manager Global Equities,I have known Richard for at least five years. During that time we have been involved in a number of projects in the telco sector and with non telco companies. Richards been there done that expertise is second to none and he has been a great resource to tap into.,"12/19/05, 06:08 AM",VISIBLE
"Robert Syputa,",robert at Maravedis com,"Maravedis Group LLC, YourDeal",Owner,Richard is a prime example of the a  person who can take charge in the challenging and exciting 'flatening world'  of telecommunications and IT convergence.  Richard can step in with well grounded experience and ability to harness rapidly changing global developments in the areas of 3G-4G cellular and WiMAX.,"06/13/05, 06:13 PM",VISIBLE
Alexander,Lawrence,TelcoForge,Managing Director,"I work with the world's foremost telecoms & technology conference production company. Richard is a great contact; he has both a great strategic overview of the industry and also an in-depth knowledge of wireless convergence and business development. He is a compelling speaker on industry issues - knowledgeable enough to engage the experts, patient enough to explain vital issues to novices.","06/10/05, 01:17 AM",VISIBLE
Thomas,Jarne,Eltel Networks,Vice President Of Business Development,"When we met, Richard had already proven his management and business capabilities at a $billion broadband wireless operator. Moving from his VP Bus Dev position in Denver to Regional GM for Asia, he successfully developed our businesses in that region. Among his responsibilities were planning operating companies, setting up marketing channels - launching businesses in more than a dozen countries.","02/09/04, 11:01 PM",VISIBLE
David,Fraser,brightblue,Founder and Joint CEO,Richard is the perfect example of human multithreading. His uncanny ability to think across a breadth of disciplines yet simultaneously focus on key solutions is rare. His contagious enthusiasm and 24h energy is wrapped in an intellectually complex and caring persona.,"02/05/04, 01:17 PM",VISIBLE
