First Name,Last Name,Company,Job Title,Text,Creation Date,Status
Bryan,Lamb,"Lamb and Frischer, LLP",Partner,"One of Brian's former bosses used Brian to make his firm look honest.  This boss was an ambulance-chasing vulture, with psychopathic creativity.  While Brian helped me navigate a broken life, after a bus rear-ended my taxi-ride, this boss manipulated both sides of the potential court-case for his own gain.  The contrast between Brian's conscientious and caring approach, and the killer instincts of his boss, was stark -- especially given my brain injuries.  Law courts and pre-court negotiations can favor evil attorneys, but hiring them can make you just as evil.  Brian was always trustworthy, and lesser attorneys should aspire to be Brian-like.","01/31/25, 08:40 PM",
Brian,"Golod, CSPO",Next Badge,"Co-Founder, CSPO Product Development","Extraordinary individual with massive enthusiasm, always trying to help everyone he meets.  Resourceful intra/entre-preneur with a social mission.  The world needs more Brian Golods. ","02/03/21, 01:29 PM",
Guy,Gagne,Brainwave Research Corporation,VP Product Development,"I have known Guy Gagne for over 20-years, and have worked many person-months of projects with him.   Guy is a highly intelligent perfectionist.  He always, always, has his client's best interests at heart.  Unfortunately, he works hard to a fault -- a work ethic that can force him to work late into the night.  If his client asks for something extra, he will half-kill himself to please.    Very resourceful, creative and inventive, he once arrived with a circuit-board he had made during the night, to upgrade a smart-home control system.  The manufacturer of the system was blown away by it.  Guy is an extraordinary inventor, at heart.   You may want to track his work-hours though, because he rarely bills all his time.  He is accurate when billing for materials, but he wants to be a friend to everyone, so he rarely charges enough for his time -- I sometimes think he prefers to work for free.  ","02/02/21, 03:23 PM",
Carmelo,Farrugia,IntelMark Inc.,President/Owner - Actively seeking a challenging new opportunity.,"""An exceptional CEO who can drive growth in challenging markets, in fact he grew Norigen into one of Canada's largest carriers. We had similar companies and roles but we did not compete -- different countries -- so his advice was always golden. A great new market strategist, he makes it look easy.""","02/03/15, 01:31 PM",
Yang,Yu,Micromart,Chief Executive Officer,"Team leader, sees big picture, yet professionally project manages details.  Always determined, even when aiming at impossible markets.  Builds excellent software, fast, but sometimes over-innovates.  Has build-it-and-they-will-come ethic, (which is harder to sell than vague promises).  Reliable and on-time, does exactly what he says he will do.  Composed, strategic, hands-on...  Basically, an inspiring individual.","06/02/11, 09:16 PM",
Jim,Grillo,Saint Josesph Hospital Foundation,Board Member,"Jim was a key contributor to Formus' rise from startup to $billion capitalization in only a few years.  An expert grower of emerging technology businesses that have global potential, Jim is also a real gentleman and a great person to work with.","02/26/11, 02:46 AM",
Adrian,Pike,West of England Combined Authority,Technical Advisor,"One of the most ethical and straight-forward people you will ever meet, Adrian shares his professional insights, inspiration and quirky humour with extraordinary generosity.  He is a great problem solver, a true team player and a delightful person to know.","01/17/11, 04:41 AM",
Jeff,Richmond,NAFOR Inc.,President,"What a stellar human being.  I volunteer alongside Jeff to help Entrepreneurs start new businesses, and I sit on an Advisory Board with him.  He offers exceptional insights into business planning while inspiring greater productivity from all around him.  A pleasure to work with.","05/13/10, 06:32 AM",
Shad,Sharma,Koso Labs,Co-Founder,"Shad is a rock star software developer and one of the kindest and most pleasant individuals you will ever meet.  These two attributes, combined with his acute intelligence, problem solving analytical skills, project management skills and an endless supply of good humor, make Shad a critical part of solution building teams.  An extraordinary individual.","10/13/09, 01:17 PM",
Diana,Kemp,"Dominant Capital, Inc.",Processor/Executive Assistant,"Dianna writes beautifully, her characters come alive immediately and she paints their scenes vividly.  She can turn a novel into a epic movie script, creating visuals with sudden and tremendous impact, yet while also developing the scene's subtle, underlying message.  Writing a screenplay is a very different art to writing a novel, yet Diana was born to be great at both.","09/24/09, 06:23 PM",
Mike,Gianfriddo,"Dominant Capital, Inc.",CEO,"Michael puts his heart into everything he does.  He typically has a hundred balls up in the air at any one time, so it can be hard to keep up with him.  Working with him is certainly an adventure.","09/24/09, 08:35 AM",
Cheryl,Scoffield,Kickstart Your Company,Sales & Funnel Technology Set Up to Sell & Ready to Grow | Kajabi Funnels,"Cheryl is a natural Lead Generator.  It is a very different skill to direct sales, so if you sell, Cheryl can be your secret weapon.  You might not understand how she can do it, but you will certainly find selling more enjoyable.","09/18/09, 06:31 AM",
Rick,Sailor,"S&S Solutions, LLC",Co-Founder,"Rick is the consummate sales team mentor and motivator.  He is expert at opening new market niches using innovative sales strategies.  Yet, in the most challenging situations, he remains relaxed, instantly engaging and always smiling.  His staff would do anything for him, he knows everyone and everyone knows him.","08/13/09, 03:12 PM",
Dan,Ziegler,A5E Consulting,Director of Sales,"Excellent business developer, insightful, straight-shooting, diligent and very capable of understanding the marketing strategies behind both the real vendors, and those offering vaporware.  A great guy to have on your team.","06/10/09, 09:14 AM",
Gay,Miller,Miller Gleann Consulting,Sr. Business/Strategy Consultant,"This week, Gay stepped into an intense team of type-A executives, refocused divergent ideas and showed how to get organized for new business.  Some of the facilitation skills she used are only now evident, in hindsight.  Such is the grace with which she accelerates team productivity.","01/16/09, 07:36 PM",
Jack,Matthews,Lodestone Energy,Chairman,"I recall my first American Thanksgiving dinner was at Jack's house in NZ, he was the ex-pat CEO of Telstra-Saturn. His popularity was already legend in the global Media and Broadcasting industries, partly because his natural leadership skills are an inspiration. Jack cares about people, and he brings the very best out of his teams.","01/04/09, 10:34 AM",
Dorian,Pula,Points,DevOps SysAdmin,"Dorian is highly effective at communicating complex ideas, and not just because he is a very competent developer.  He considers what he says and maintains excellent perspective, and he is always polite even when he totally disagrees.  His advice on technology strategy was surprisingly visionary for his level of experience.  I expect Dorian to go far, he learns like a sponge, has broader talents than he advertises and he is very passionate about doing the right thing for the customer.","11/28/08, 07:28 PM",
Brian,"Rosenberg, ACC",Untangled Consulting,Chief Untangler,"A visionary leader and powerful inspiration to his teams, Brian brings the best out of everyone around him, especially when facing challenging markets.  He is the kind of person a major account aught to have looking after them, someone you instinctively trust and who always puts the customer first.  A great guy and a pleasure to work for!","10/27/08, 08:14 AM",
Sing Yoong,Khew,Amazon,Software Development Manager,"Technically astute, dedicated and resourceful, Sing Yoong leads teams and builds proof-of-concept solutions with extraordinary efficiency.  However, it is in front of customer audiences where his understated style becomes the most fascinating.  He can sell without looking like he is selling, while also inspiring awe in the technology he is explaining.  That is a rare talent.","10/09/08, 04:36 PM",
Michael,"Christensen, MBA",MVC Financial Systems,Founder,"If you can, ask Mike to design and lead your projects.  Meanwhile, he is a brilliant talent in front of our customers, extracting their business needs and gracefully explaining visionary solutions.  He is a great champion for complex $multi-million systems integration, well-liked and respected by the teams he leads and at all levels in the customer.  He is always passionate, nothing is too much trouble and he always over-delivers.  A great guy.","09/28/08, 09:49 PM",
David,McDougall,Visionmax Solutions Inc. (www.visionmax.com),President & C.E.O.,"People instinctively like and trust Dave.  I never met anyone who didn't.  This is party because he is uniquely brilliant at helping people.  He accurately defines your business process challenges and systems integration requirements, and his innovative solutions always end up being the fastest, most affordable (!) and easiest to manage.  Less competent advisers charge tens of thousands of dollars for solution planning, but Dave offers his genius for free and only ever asks for payment if you ask him to build something.  If you are then in doubt about whether he should be the builder of any plan he gives you, speak to his customers, because any of them will convince you.","09/19/08, 09:56 AM",
Michael,Murphy,Medical and Handicap Equipment Services,Regional Sales Manager,"Solid wireless technology strategist who provided us with innovative operations plans for new-build ($100m+) video and wireless operations in Europe, Russia and Asia.  A good guy to work with when the going gets tough.","09/15/08, 02:54 PM",
Tom,Friehe,CSG,Lead Project Manager,"As Subject Matter Expert for an OSS and BSS rebuild at a top US service provider, Tom's insight and ability to teach pragmatic innovation was extraordinary.  This talent could only have resulted from a lifetime of thought leadership, evolving enterprise systems and services.  Tom inspires.","09/09/08, 07:46 AM",
Timothy,Adler,CRWDWORLD,Platinum Distributor and Reseller,"Knows everyone in IPTV and digital video, Tim has his finger on the pulse of the market and adds a hands-on insight to strategic planning to secure revenue pipelines and avoid costly mistakes that await the less experienced.  He is a straight-shooter who is always a pleasure to work with.","07/24/08, 07:48 AM",
Chris,Michaelson,PwC,Architecture Leader,"One of the stars at Echostar.  You know how some guys are immediately respected for knowing their stuff and for always saying it like it is?  From Chris you can expect expertize, dedication, integrity and hard work, and as a technology visionary he inspires.","06/04/08, 07:22 AM",
Brian,"Rosenberg, ACC",Untangled Consulting,Chief Untangler,"A charismatic visionary with a natural talent for developing loyal teams and motivating sales leaders.  Facing challenging markets, Brian drives hard for results, but in ways that always make it a pleasure to work for him.","12/27/07, 10:47 PM",
Sven,Ghyselinck,TNO,Entrepreneur in Residence,"Sven became CEO at Metavector, a $50M Siemens subsidiary based in Europe; but that was some time after he helped me to to build Metavector's US operating team.  We worked together for less than 6 months, but he left a lasting impression on me, and the team.  I have no doubt Sven remains a brilliant, ethical and creative business developer who can find the revenue in complex and challenging markets.","11/22/07, 05:37 PM",
Carolyn,Anderson,One Inc,"SVP and General Manager, Canada","A skillful manager of investor relations and a brilliant crafter of corporate messaging, in an industry she knows exactly how to navigate.  She is personable, popular, creative, totally reliable and she manages with inspiring precision.  A practical strategist and a uniquely effective hands-on Marketeer, enhancing corporate value and sales effectiveness.","10/22/07, 09:56 PM",
Kevin,Neely,CommScope,"Director of Product Management, Managed Wi-Fi","Kevin's strategic insight was key to his repeated successes directing solution sales for Amino Communications, while driving multi-vendor convergence ecosystems into both emerging and top-tier quadruple-play service providers (video, voice, data, wireless).  If you innovate services for network devices you will appreciate Kevin's broad expertize, enthusiasm, tenacity and above all, good humor.  Kevin holds technology and marketing teams together through the toughest Bus Dev cycles to deliver world-class reference accounts--they always trust him.","10/20/07, 11:25 AM",
Phillip,Taylor,YSN,Cyber Security Specialist,"A strategically brilliant salesman, and a very popular sales team manager; he can develop difficult markets creating significant and not always expected deals, through a powerful network of senior level contacts.  Phil is always a pleasure to work with, charming, easy to trust, highly creative, knowledgeable and perfectly suited to developing businesses with complex, multi-party solutions.","10/15/07, 05:55 PM",
Andrew,Kalek,Hyper,Principal Engineer,"We have subcontracted Andrew to manage four build-projects, each time he delivered an innovative design that was well-structured and totally reliable--his products far exceeded our customers' expectations.  His talent for overcoming code limitations, that would make other developers back-off, put him in the genius category.  We rely on him to present highly complex solutions to non-technical executives.","09/18/07, 05:35 PM",
Stephen,Wolak,Giesecke+Devrient,Product Management Director eSIM,"A pleasure and an inspiration to work with, his professionalism and work ethics are second to none, his knowledge and experience is excellent, and his carefully crafted ability to share his wisdom makes him a leader in any team.","09/10/07, 07:43 AM",
Sanjay,Singhal,Sanjay Says,Writer,"Gentleman, Entrepreneur, Genius...  People instinctively like him, and trust him.  He is a natural mentor who creates strong teams while building lasting partnerships.  Sub-contracted to PRTM, I helped Sanjay lead business development for a tier-1 IT/telecom vendor.  At that time, Sanjay had already founded his own IT/telecom vendor, and grown it into a $multi-million business, and his successes just keep coming.","08/11/07, 01:52 PM",
Larry,Smith,Kathbern Management,President,"Widely respected among broadcast industry investors, Larry helped to pull together a diverse consortium that won a national mobile license.  The resulting company, renamed Microcell, was acquired by Rogers/AT&T for $1.4billion in 2004.  Larry is a calm leader, he builds extraordinary teams and he inspires trust in all who work with him.","07/19/07, 08:36 PM",
Yun Chao,Hu,Open Edge and HPC Initiative,Member Board of Directors,"Cablelabs was profoundly surprised when Yunchao first brought IMS into their plan, booting out competitors' proprietary standards in the process, e.g. Cisco's.  Ericsson relies on him globally, he is one of their most experienced solutions engineers and standards developers, brilliant, resourceful, widely respected and admired.","06/15/07, 06:10 AM",
Fabrizio,Candoni,Wegreenit SpA,"Chairman, CEO","Fabrizio knows everyone, everyone knows Fabrizio.  He is totally trustworthy, an astute business strategist and he knows regional markets and regulators like no-one else.  A great person!","03/09/07, 10:03 AM",
Jonas,Flodh,Recurly,Head of Corporate Development & Strategic Partnerships,"One of the best market managers I had the pleasure to work with, he took on some huge bus dev challenges and handled them calmly and efficiently.  In fact, Jonas' extraordinary business generation skills directly contributed to a $billion market capitalization increase in only 3-years.","12/10/06, 10:31 AM",
Darren,"McKnight, MBA, CMAS",Forvis Mazars US,"Director, CFO & Business Consulting","Darren is a natural people-manager.  His lazer-sharp insight into team-creation and his advice on business development were profoundly helpful.  If his generosity could reach all companies building teams, and all people seeking career growth, the world would be a far better place.","12/05/06, 09:03 AM",
Ian,Gavaghan,Ian Gavaghan Law Office,Lawyer,"Ian's dedication and his ability to generate good-will go way beyond anything you might expect of him.  Nobody is more competent, creative or productive.  He cares about what he does and the people he does it for.","12/05/06, 07:53 AM",
Maurie,Dobbin,TeleResources Engineering (Aust) Pty Ltd,Managing Director,"Whether you watch him on prime-time TV, hear his speach at a global convention, or roll up your sleaves beside him in a meeting room, he is the genuine article.  A genius, visionary, and grand master at assembling more facts than a person aught to know, then explaining their implications in ways any audience can understand.  You can always trust Maurie Dobbin to do exactly what he says he will do.","08/08/06, 07:34 PM",
Debbie,Schumacher,"Electronic Search, Inc.",Director of Talent Acquisition,"Debbie can see into your soul and leave you feeling like a better person.  Due to this, and her army of contacts, it is no surprise she wins awards as a top-performing Executive Recruiter.""","02/15/06, 11:24 AM",
John,Green,TGG,President - Communications Industry,"They don't come more connected in wireless...for example, if you want to launch a multi-vendor systems integration project with intimidating convergence challenges and complicated back office development, you pray that John isn't already over-booked by tier-1 service providers.","07/08/05, 06:54 PM",
Doyle,Gallegos,Mindful Invest and Advisory Partners,Managing Director - Co Founder,Formus struggled to keep up with Doyle.  His deal pipeline spanned at least ten countries and hundreds of millions of dollars.  He's an excellent driver of new business.,"06/14/05, 10:22 AM",
Thomas,Power,Business is Personal,Founder BIP100 Club,"Is there anyone who is better connnected, or more widely recognized in business networking, than Thomas Power?","06/12/05, 11:04 AM",
"Robert Syputa,",robert at Maravedis com,"Maravedis Group LLC, YourDeal",Owner,Robert is an insightful genius with the tenacity to get all the necessary facts and the creativity to put them together in ways that make business strategy rock-solid.,"06/12/05, 10:32 AM",
Carl,Schumacher ,"Electronic Search, Inc.",Director Recruiting & Client Services | Technology | Wireless | Telecommunications,"When you find a Recruiter who is at the top of their game you suddenly realize how much more accomplished your hiring process can be.  The difference between a good decision and a bad one is usually many multiples of yearly salary.  Carl is the best available insurance for finding the fit, and he's always a pleasure to work with.","06/10/05, 03:28 PM",
Alexander,Lawrence,TelcoForge,Managing Director,"Mr. Lawrence is one of those rare project managers who can dig deep into their market and engage high-level sponsorship behind his strong strategic vision.  He is very personable, which makes him one of the best business planning group facilitators I have ever met.","06/09/05, 09:38 AM",
Darren,Sissons,"Campbell, Lee & Ross Investment Management",Partner & Portfolio Manager Global Equities,"A uniquely intelligent business developer, which combined with a ""cut to the chase"" enthusiasm makes him hard to keep up with.  He seems to know everyone in the investment community, an impressive deal-flow.","06/09/05, 08:57 AM",
Isaac,Barkel,"Spinakr Solutions, LLC",Principal Solutions Consultant,"Isaac and I tried to open a contract with Metasolv, where I discovered that he already had a widespread reputation for being tenacious, diligent, efficient and personable.  This is the kind of guy who probably looks after others better than he looks after himself.","06/01/05, 05:43 PM",
Jeremy,Bell,Apple,Sr. Engineering Manager,"Dedicated, reliable, creative and fast as lightening. Jeremy built several web-sites for us and even managed to do so on-site with marketeers looking over his shoulder; which is not always efficient. He has an excellent professional style, deep technical capabilities and top-tier talents.  He comes highly recommended by all who know him.","09/01/04, 12:09 PM",
Vernon,Kenley,"Global Telecom Associates, LLC",Principal,"I had the honor of working for Mr. Kenley at UnitedGlobalCom (Liberty Media) and Formus Communications (6-years total).  He has a top-tier track-record in operations, business development and strategic partnerships, in a great many countries.  He is a widely-respected senior executive, well-known for his unwavering integrity, focus, dedication and drive, especially in challenging markets.","05/25/04, 08:59 PM",
Thomas,Dodds,"Pepper Telecom, LLC",Owner,"He was VP Technology for a broadband wireless startup that he helped to grow into a $billion operator by launching business infrastructures in 15-countries.  A true gentleman, he is ethical, reliable and dedicated.  An excellent strategist and a natural engineer, he can get to the point and problem solve faster than anyone I know.","02/20/04, 09:10 AM",
Kurt,Jonckheer,Klarrio GmbH,CEO a.i.,"We began as competitors in 2001, each building a prototype Universal Gateway service provider for a $40M Siemens subsidiary.  Kurt is 100% ethical, fully responsive to customer needs, his work is top quality and knowledge ... he can re-invent your business.  A true gentleman.","02/20/04, 07:26 AM",
Thomas,Jarne,Eltel Networks,Vice President Of Business Development,"This gentleman's leadership style is subtle and effective, and he can keep teams motivated in challenging market conditions.  His leadership of our European operations (for a $billion broadband wireless operator) was a case study in efficiency, integrity and dedication--few people are smarter or work harder.","02/06/04, 09:46 AM",
Osmo,Hautanen,"Anelto, Inc.",Advisory Board Member,"He kicked my ass all over the planet, and I still couldn't keep up with him.  He led the company from almost nothing into a billion-dollar valuation VERY QUICKLY--I have not met anyone who could drive a company harder or faster.","02/05/04, 02:53 PM",
Bill,Elsner,Telecom Partners,Manager,"Few people can capitalize on opportunity as impressively as Bill.  A clear and concise visionary, a brilliant strategist and an inspiration to try to keep up with when he steps into his CEO shoes.","02/05/04, 02:43 PM",
David,Fraser,brightblue,Founder and Joint CEO,"The good Doctor is one of the warmest and wisest people I have ever met.  He was the mind behind much corporate expansion, leading business and technology planning projects in Europe as our US-based start-up grew into a $1.2B broadband wireless operator.","02/05/04, 10:01 AM",
