Date/Time,Media Description,Media Link
"You uploaded a photo on May 1, 2025 at 5:11 PM (GMT)", -,https://media.licdn.com/dms/image/v2/D562DAQG5M3DoH80CKA/profile-treasury-image-shrink_1280_1280/B56ZaM1Q4sGUAQ-/0/1746119495517?e=1758254400&v=beta&t=DNdiO1yu9iAMgEIsNPBcjJikEHZ_QiUUgUWLWhDjulQ
"You uploaded a profile photo on September 21, 2024 at 2:49 PM (GMT)", -,https://media.licdn.com/dms/image/v2/D5603AQEoRDT60dtS5A/profile-displayphoto-shrink_100_100/profile-displayphoto-shrink_100_100/0/1726930147581?e=1760572800&v=beta&t=iVZP-q8lDD4NaKshFY7xDX1YPpOYnAkNRf07Q_DK_L0
"You uploaded a profile photo on September 21, 2024 at 2:49 PM (GMT)", -,https://media.licdn.com/dms/image/v2/D5604AQGgVbLYYEKOUw/profile-originalphoto-shrink_900_1200/profile-originalphoto-shrink_900_1200/0/1726930147563?e=1760572800&v=beta&t=mt928i7Gjw85N5GrzGgouprCMcDQg67wJuV0o0-vseY
"You uploaded a photo on September 6, 2024 at 3:33 PM (GMT)", -,https://media.licdn.com/dms/image/v2/D4D2DAQGWhpg2_L5U6g/profile-treasury-image-shrink_800_800/profile-treasury-image-shrink_800_800/0/1725636813769?e=1758254400&v=beta&t=vM3zLqaRY-cxRC56gcPaCLIZe-6fPerWVFCtYRPkbHk
"You uploaded a group logo on September 23, 2021 at 2:49 PM (GMT)", -,https://media.licdn.com/dms/image/v2/C4D07AQETKt4m_R3p1g/group-logo_image-shrink_400x400/group-logo_image-shrink_400x400/0/1632408563339?e=1758254400&v=beta&t=X1x5nBV_Nvts_9P5nb9ebQ_Wm9qfHyZe6fiNmatRsHo
"You uploaded a profile background photo on September 9, 2021 at 1:27 PM (GMT)", -,https://media.licdn.com/dms/image/v2/C4E16AQEmcZ0Vy6Czxw/profile-displaybackgroundimage-shrink_200_800/profile-displaybackgroundimage-shrink_200_800/0/1631194027274?e=1760572800&v=beta&t=3QSrR9IQdYRNtzIWeSls0529TTCqW8InASq5wWOYzZk
"You uploaded a profile background photo on September 9, 2021 at 1:27 PM (GMT)", -,https://media.licdn.com/dms/image/v2/C4E04AQHuF9L10pMTaA/profile-originalbackgroundimage-shrink_396_1584/profile-originalbackgroundimage-shrink_396_1584/0/1631194027355?e=1760572800&v=beta&t=1dslnkXVjllw89X29P6TYMRfOCfK3T5fR7H4R8lcyGs
"You uploaded a photo on June 29, 2020 at 3:42 PM (GMT)", -,https://media.licdn.com/dms/image/v2/C562DAQE9VNpIrxO0ug/profile-treasury-image-shrink_8192_8192/profile-treasury-image-shrink_8192_8192/0/1598214408716?e=1758254400&v=beta&t=ysIYrWfFwljWBSePjjsRgF-XtQndTyqnQx6Ngc11y3g
