Challenge Date,IP Address,User Agent,Country,Challenge Type
Tue Jan 09 13:55:49 UTC 2024,2001:1970:5694:7c00:dc6b:667a:29f0:7738,"Mozilla/5.0 (Windows NT 10.0; Win64; x64) AppleWebKit/537.36 (KHTML, like Gecko) Chrome/120.0.0.0 Safari/537.36",Canada,EMAIL_PIN_CHALLENGE
Thu Feb 01 18:01:40 UTC 2024,2001:1970:5694:7c00:346b:3934:f86c:cc4a,"Mozilla/5.0 (Windows NT 10.0; Win64; x64) AppleWebKit/537.36 (KHTML, like Gecko) Chrome/121.0.0.0 Safari/537.36",Canada,EMAIL_PIN_CHALLENGE
Fri Aug 16 17:26:43 UTC 2024,2001:1970:568d:2600:34cf:2e8b:b01a:2db8,"Mozilla/5.0 (Windows NT 10.0; Win64; x64) AppleWebKit/537.36 (KHTML, like Gecko) Chrome/127.0.0.0 Safari/537.36",Canada,EMAIL_PIN_CHALLENGE
Sun Sep 15 17:08:36 UTC 2024,2605:8d80:681:3945:4efd:2181:d035:4dd6,LIAuthLibrary:0.0.3 com.linkedin.android:4.1.982.1 Google_Pixel 9 Pro XL:android_14,Canada,EMAIL_PIN_CHALLENGE
