Date,ShareLink,ShareCommentary,SharedUrl,MediaUrl,Visibility
2025-05-05 20:59:52,https://www.linkedin.com/feed/update/urn%3Ali%3AugcPost%3A7325262984614707200,I’m happy to share that I’m starting a new position as Interim CEO at GroupBuild!,"","",MEMBER_NETWORK
2025-02-12 16:01:54,https://www.linkedin.com/feed/update/urn%3Ali%3Ashare%3A7295472192715116544,"",https://substack.com/profile/301246742-rick-ballard/note/c-92966748?utm_source=substack&utm_content=first-note-modal,"",MEMBER_NETWORK
2024-12-10 17:00:37,https://www.linkedin.com/feed/update/urn%3Ali%3AgroupPost%3A2477824-7272294148634742786,"We've had a lot of coffee-shop Meetups in the GTA (Greater Toronto Area), where Entrepreneurs (Ents) discuss startup ideas, strategies and pitch-decks. ""
""""
""Some Ents subsequently Ent -- quite successfully.  ""
""""
""Sanity is often provided by folks who are unfamiliar with your technologies or target markets.  So, our Meetups have attracted diverse groups, although they work better with less than 10-people around the coffee-shop table.   ""
""""
""I will start organizing these Meetups again in February 2025, so please bookmark this page where I will post the link to Meetup dot com.  The first Meetup will likely be on a Wednesday evening, in a Tim Hortons somewhere in North Oakville...  🍵","","",MEMBER_NETWORK
2009-11-11 05:55:17,https://www.linkedin.com/feed/update/urn%3Ali%3AgroupPost%3A40682-9610164,"Entrepreneur Club Launch Party Invite""
""""
""The EntMent Meetup Group is hosting a networking party for Entrepreneurs + Mentors + Investors, at the 5-star Glenerin Inn in Mississauga (Ontario), on Tuesday Nov 17th at 7pm.  ""
""""
""TV Media will be interviewing Mayors AND any of you who might sound good on camera.  Location map is at http://www.glenerininn.com/ and meetup group is at http://www.meetup.com/Peel-EntMent-org/calendar/11551314/ ""
""""
""The EntMent Meetup Group is a not-for-profit social club, where Entrepreneurs (Ents) who are developing software-enabled businesses can evolve their pitch, with the help of an angel-targeted YouTube channel and volunteer Mentors (Ments). ""
""""
""Nobody pays for anything at EntMent, because the club relies entirely upon its sponsors, e.g. philanthropist angels, Sheridan College, United Way. ""
""""
""This Entrepreneurs' club has also created its own web-site to aggregate the online tools and information that software-savvy Ents tend to find useful, again all for free and with no profit motives. ""
""""
""Please can you help them to spread the word about this free Launch Party, and about their www.EntMent.org meetup group?","","",MEMBER_NETWORK
2009-01-28 12:25:36,https://www.linkedin.com/feed/update/urn%3Ali%3AgroupPost%3A41877-1241677,"Returning rogue set-tops to revenue, $millions per head-end.""
""""
""There are serious mismatches between information stored in conditional access systems, billing systems and reality.  ""No s**t, Sherlock?"".""
""""
""My client's software tool diagnoses under-billed set-tops, by sitting passively in the head-end without polling the set-tops. It avoids loading the network and it makes life much easier for TechOps and the NOC. ""
""""
""The number of set-tops being ""returned to revenue"" is higher than MSO's expected.  One of the largest MSO's pointed the tool at several million set-tops to return $millions per head-end in unexpected new revenue.  They then configured the tool to return 6,000 rogue set-top-boxes to account, each day, without the call center breaking a sweat. ""
""""
""This immediate ROI is not the main reason MSO's like it.  The tool provides previously unavailable information for operations planning and network optimization.  It helps tighten plant infrastructure and operational processes, especially for those implementing VoD and switched video.  Also, the tool's ability to inform service techs, and to test completion of their workflow, seriously improves the way TechOps can function.""
""""
""This is new stuff, so any referrals would be appreciated, rballardAGHTinseedDAWTcom or 416.414.8100","","",MEMBER_NETWORK
