{
  "schema": "spanky.wrap.manifest/v1",
  "name": "Spanky_CoCacheReset_20251008_222429",
  "created_at": "2025-10-08T22:24:29.159892-04:00",
  "structure": {
    "_spanky": [
      "_copayload.meta.json",
      "_wrap.manifest.json",
      "out.txt",
      "checksums.json"
    ],
    "transcripts": [
      "session.md"
    ],
    "payload": [
      "Advice_CoAgent_GrandReset.md",
      "_advisory.manifest.json",
      "README_START_HERE.md",
      "GrandResetManifest.md",
      "DO_build_advisory_zip.ps1",
      "DO_seed_coCache_manifest.ps1"
    ],
    "notes": [
      "BPOE.md",
      "INTENTIONS.md",
      "DEPENDENCIES.md",
      "DECISIONS.md",
      "ASSUMPTIONS.md",
      "RISKS.md",
      "GLOSSARY.md",
      "WEBSITE_MANIFEST.md",
      "DEPRECATED.md"
    ],
    "summaries": [
      "TLDR.md",
      "ROADMAP_NOTES.md",
      "SOURCES.md"
    ]
  }
}