{
  "UserHome": "C:\\Users\\Chris",
  "Downloads": "C:\\Users\\Chris\\Downloads",
  "CoTemp": "C:\\Users\\Chris\\Downloads\\CoTemp",
  "GitRoot": "C:\\Users\\Chris\\Documents\\GitHub",
  "Repos": {
    "CoCivium": "C:\\Users\\Chris\\Documents\\GitHub\\CoCivium",
    "CoModules": "C:\\Users\\Chris\\Documents\\GitHub\\CoModules",
    "CoCache": "C:\\Users\\Chris\\Documents\\GitHub\\CoCache",
    "CoAgent": "C:\\Users\\Chris\\Documents\\GitHub\\CoAgent"
  },
  "StatusIntervalSeconds": 300,
  "BackupIntervalMinutes": 30,
  "AssembleIntervalMinutes": 60,
  "GitRemote": "origin",
  "DefaultBranch": "main",
  "EnableAutoCommit": true
}