{
  "status": [
    "## docs/bdbp-coagent-250905-1400...origin/docs/bdbp-coagent-250905-1400",
    " M docs/methods/BPOE_LOG.md",
    "M  docs/methods/BPOE_Preflight.md",
    " M scripts/pr-admin-merge.ps1",
    " M scripts/pr-solo-merge.ps1",
    "A  tests/BPOE.Preflight.Tests.ps1",
    "A  tests/BPOE.ProfileEdit.Tests.ps1",
    "M  tools/Test-BPOE.ps1",
    "?? .hooks/",
    "?? testResults.xml"
  ],
  "repo": "C:\\Users\\Chris\\Documents\\GitHub\\CoModules",
  "agent": "U",
  "note": "CoWrap package",
  "ts": "2025-09-05T22:35:05.9276838Z",
  "last500": [
    "{",
    "  \"ts\": \"2025-09-05T21:59:06.5987399Z\",",
    "  \"session_id\": \"20250905T215906Z-aa9140fd-77df-49cc-945e-3e7d61f51036\",",
    "  \"user\": \"Chris\",",
    "  \"host\": \"X1\",",
    "  \"repo\": \"C:\\\\Users\\\\Chris\\\\Documents\\\\GitHub\\\\CoModules\",",
    "  \"branch\": \"docs/bdbp-coagent-250905-1400\",",
    "  \"type\": \"boot\",",
    "  \"msg\": \"Session online (soft-start LocalBus).\",",
    "  \"data\": null",
    "}",
    "{",
    "  \"ts\": \"2025-09-05T22:10:50.3954164Z\",",
    "  \"type\": \"boot\",",
    "  \"repo\": \"C:\\\\Users\\\\Chris\\\\Documents\\\\GitHub\\\\CoModules\",",
    "  \"user\": \"Chris\",",
    "  \"host\": \"X1\",",
    "  \"msg\": \"Session online (LocalBus minimal).\",",
    "  \"branch\": \"docs/bdbp-coagent-250905-1400\",",
    "  \"session_id\": \"20250905T215906Z-aa9140fd-77df-49cc-945e-3e7d61f51036\"",
    "}",
    "{",
    "  \"ts\": \"2025-09-05T22:10:53.7070425Z\",",
    "  \"type\": \"ping\",",
    "  \"session_id\": \"20250905T215906Z-aa9140fd-77df-49cc-945e-3e7d61f51036\",",
    "  \"msg\": \"soft-sync\"",
    "}",
    "{",
    "  \"ts\": \"2025-09-05T22:10:54.8351241Z\",",
    "  \"type\": \"pong\",",
    "  \"session_id\": \"20250905T215906Z-aa9140fd-77df-49cc-945e-3e7d61f51036\",",
    "  \"msg\": \"ack\"",
    "}",
    "{",
    "  \"ts\": \"2025-09-05T22:10:57.9160655Z\",",
    "  \"type\": \"cowrap\",",
    "  \"session_id\": \"20250905T215906Z-aa9140fd-77df-49cc-945e-3e7d61f51036\",",
    "  \"path\": \"C:\\\\Users\\\\Chris\\\\Downloads\\\\CoCacheLocal\\\\sessions\\\\20250905T215906Z-aa9140fd-77df-49cc-945e-3e7d61f51036\\\\handover.json\",",
    "  \"msg\": \"handover.json ready\"",
    "}",
    "{",
    "  \"ts\": \"2025-09-05T22:12:15.5458485Z\",",
    "  \"type\": \"boot\",",
    "  \"repo\": \"C:\\\\Users\\\\Chris\\\\Documents\\\\GitHub\\\\CoModules\",",
    "  \"user\": \"Chris\",",
    "  \"host\": \"X1\",",
    "  \"msg\": \"Peer session online (LocalBus minimal).\",",
    "  \"branch\": \"docs/bdbp-coagent-250905-1400\",",
    "  \"session_id\": \"20250905T215906Z-aa9140fd-77df-49cc-945e-3e7d61f51036\"",
    "}",
    "{",
    "  \"ts\": \"2025-09-05T22:12:20.1193406Z\",",
    "  \"type\": \"ping\",",
    "  \"session_id\": \"20250905T215906Z-aa9140fd-77df-49cc-945e-3e7d61f51036\",",
    "  \"msg\": \"hello-other\"",
    "}",
    "{",
    "  \"ts\": \"2025-09-05T22:12:25.5656261Z\",",
    "  \"type\": \"cowrap\",",
    "  \"session_id\": \"20250905T215906Z-aa9140fd-77df-49cc-945e-3e7d61f51036\",",
    "  \"path\": \"C:\\\\Users\\\\Chris\\\\Downloads\\\\CoCacheLocal\\\\sessions\\\\20250905T215906Z-aa9140fd-77df-49cc-945e-3e7d61f51036\\\\handover.json\",",
    "  \"msg\": \"handover.json ready\"",
    "}",
    "{",
    "  \"ts\": \"2025-09-05T22:14:27.9467324Z\",",
    "  \"type\": \"takeover\",",
    "  \"session_id\": \"20250905T215906Z-aa9140fd-77df-49cc-945e-3e7d61f51036\",",
    "  \"msg\": \"Assuming lead from latest handover.\"",
    "}",
    "{",
    "  \"ts\": \"2025-09-05T22:17:17.2852130Z\",",
    "  \"session_id\": \"20250905T215906Z-aa9140fd-77df-49cc-945e-3e7d61f51036\",",
    "  \"agent\": \"L\",",
    "  \"user\": \"Chris\",",
    "  \"host\": \"X1\",",
    "  \"repo\": \"C:\\\\Users\\\\Chris\\\\Documents\\\\GitHub\\\\CoModules\",",
    "  \"branch\": \"docs/bdbp-coagent-250905-1400\",",
    "  \"type\": \"note\",",
    "  \"msg\": \"left: ready\",",
    "  \"data\": null",
    "}",
    "{",
    "  \"ts\": \"2025-09-05T22:17:19.2599349Z\",",
    "  \"session_id\": \"20250905T215906Z-aa9140fd-77df-49cc-945e-3e7d61f51036\",",
    "  \"agent\": \"R\",",
    "  \"user\": \"Chris\",",
    "  \"host\": \"X1\",",
    "  \"repo\": \"C:\\\\Users\\\\Chris\\\\Documents\\\\GitHub\\\\CoModules\",",
    "  \"branch\": \"docs/bdbp-coagent-250905-1400\",",
    "  \"type\": \"ping\",",
    "  \"msg\": \"right: hello\",",
    "  \"data\": null",
    "}",
    "{",
    "  \"ts\": \"2025-09-05T22:17:19.9258381Z\",",
    "  \"session_id\": \"20250905T215906Z-aa9140fd-77df-49cc-945e-3e7d61f51036\",",
    "  \"agent\": \"R\",",
    "  \"user\": \"Chris\",",
    "  \"host\": \"X1\",",
    "  \"repo\": \"C:\\\\Users\\\\Chris\\\\Documents\\\\GitHub\\\\CoModules\",",
    "  \"branch\": \"docs/bdbp-coagent-250905-1400\",",
    "  \"type\": \"pong\",",
    "  \"msg\": \"ack\",",
    "  \"data\": null",
    "}"
  ],
  "branch": "docs/bdbp-coagent-250905-1400",
  "session_id": "20250905T215906Z-aa9140fd-77df-49cc-945e-3e7d61f51036",
  "to_session": "ANY"
}
