{
  "_spanky/_copayload.meta.json": {
    "sha256": "05954c251e3ed016bf69e01e7fd9c894a18527aca98fd51778ebc5ed418b2b38",
    "bytes": 476
  },
  "_spanky/_wrap.manifest.json": {
    "sha256": "58c24a2e75e87c9307fb34b79d92700a5992ea45f682c03d1323f5c2a10a2ba1",
    "bytes": 995
  },
  "_spanky/out.txt": {
    "sha256": "b3df40edae6d52b2540d056f400190e00795de455e90e6ce202ee96c4bb5f53c",
    "bytes": 606
  },
  "transcripts/session.md": {
    "sha256": "6c3fd66d3dbcb6d8ae9d2d3b1663d6ad92dba8627d6b9d575bb7353a8a2a39a6",
    "bytes": 1600
  },
  "payload/SESSION_PLAN_GrandMigration.md": {
    "sha256": "8d570404d03881b58e3cecdfa0d942285d922ae7b6377937a9e0bef6cd1d773f",
    "bytes": 2085
  },
  "payload/HANDOFF_TEMPLATE_GenericAdvisory.md": {
    "sha256": "0856273a531eaca2394dd8f0e370cddb078b64c863d4ef8e288c55079eee1285",
    "bytes": 609
  },
  "payload/LEFTOVERS_Register.md": {
    "sha256": "a3abc04db478074b43635edab343881820b82c5767821ee50b723c583d07459b",
    "bytes": 717
  },
  "payload/DEPRECATE_Civium_Runbook.md": {
    "sha256": "ceb8576f3c95750c2d813049f14ebc6374e5bd92191fa92be68dd18d5f5261dc",
    "bytes": 1487
  },
  "payload/CIVIUM_ARCHIVED_POINTER.md": {
    "sha256": "a29613f269b3a0d7ef4ba0c88062ed588234f34f5640d1e2c648056b471dadd5",
    "bytes": 342
  },
  "payload/POWERSHELL_SCRIPTS.ps1": {
    "sha256": "37a1de05eb3578c6e2b717314c95538ec9e2da599bd36a65ba0a8bfb4eb2eb25",
    "bytes": 2115
  },
  "notes/BPOE.md": {
    "sha256": "d9325280d6623482672cdc08df6724bf8cb6e6eef4494008943521c5173fa778",
    "bytes": 132
  },
  "notes/INTENTIONS.md": {
    "sha256": "9221a8fde51931bd85b0380f03d844192cf35ed2facd3d907492b7d5a06629e9",
    "bytes": 404
  },
  "notes/DEPENDENCIES.md": {
    "sha256": "ab86f48a95460478905a778ec063553ee8929afb7a8624467fb852a65f99f774",
    "bytes": 170
  },
  "notes/DECISIONS.md": {
    "sha256": "e49c9f48b38de39560d26cb54bcd2e2d207c15a837b294216cd4349b82dcdfd0",
    "bytes": 137
  },
  "notes/ASSUMPTIONS.md": {
    "sha256": "7d02b586981f29ca306f852f27b59ec8818472eb1fcfeb1163c395743835b0ad",
    "bytes": 103
  },
  "notes/RISKS.md": {
    "sha256": "a89a8577b5fd780e42b2f7501025b4b6478cd6161c784fb63d9623661d1473a8",
    "bytes": 169
  },
  "notes/GLOSSARY.md": {
    "sha256": "121aef535de3f56eb3601c0d9862be32c790eb509d3b479ad5d90bdd454b7a4d",
    "bytes": 161
  },
  "notes/WEBSITE_MANIFEST.md": {
    "sha256": "4846fe7c6d0dd8c80bd781f935f568a47de058978b176a0eac5f8ff9cbc9c8a7",
    "bytes": 75
  },
  "notes/DEPRECATED.md": {
    "sha256": "b2564e0f932dc9345a9e10af6fe6b128343d8ee083a8494a36e1e4008e94c416",
    "bytes": 91
  },
  "summaries/TLDR.md": {
    "sha256": "5bb69ebe857972e8f312fc4aef73cd338fd1d8a388ae88917af790079f2511ea",
    "bytes": 316
  },
  "summaries/ROADMAP_NOTES.md": {
    "sha256": "6d2c33dd395fa81ccca387351fcb34d7fd8d316e8282701e87f453472c7e28c7",
    "bytes": 174
  },
  "summaries/SOURCES.md": {
    "sha256": "59ab41b6557ba39c8949d76b534703ac0c4b61f8bd25c9dc54861b6c035e6715",
    "bytes": 164
  }
}
