{
  "$schema": "http://json-schema.org/draft-07/schema#",
  "title": "GIBindexTerms",
  "type": "object",
  "properties": {
    "version": {
      "type": "string"
    },
    "generated": {
      "type": "string"
    },
    "terms": {
      "type": "array",
      "items": {
        "type": "object",
        "properties": {
          "term": {
            "type": "string"
          },
          "expansion": {
            "type": [
              "string",
              "null"
            ]
          },
          "definition": {
            "type": "string"
          },
          "see_also": {
            "type": "array",
            "items": {
              "type": "string"
            }
          }
        },
        "required": [
          "term",
          "definition"
        ]
      }
    }
  },
  "required": [
    "version",
    "generated",
    "terms"
  ]
}