{
  "version": "1.0",
  "generated": "20251021_155909",
  "terms": [
    {
      "term": "PAIR",
      "expansion": "Partnered AI Reasoning",
      "definition": "Human\u2013AI dialogue unit replacing static FAQs.",
      "see_also": [
        "ASK",
        "Q-Loop"
      ]
    },
    {
      "term": "ASK",
      "expansion": "Adaptive Socratic Kernel",
      "definition": "Prompt engine driving a PAIR.",
      "see_also": [
        "PAIR"
      ]
    },
    {
      "term": "Q-Loop",
      "expansion": "Question\u2013Evidence\u2013Synthesis\u2013Audit loop",
      "definition": "Method cycle for reasoning quality.",
      "see_also": [
        "PAIR",
        "ASK"
      ]
    },
    {
      "term": "Halo",
      "expansion": null,
      "definition": "Dynamic, auditable credential showing wisdom growth.",
      "see_also": [
        "RepTag"
      ]
    },
    {
      "term": "RepTag",
      "expansion": "Reputation Tag",
      "definition": "Public pseudonymous identity trail for contributions.",
      "see_also": [
        "Halo"
      ]
    },
    {
      "term": "CoCivia",
      "expansion": null,
      "definition": "CoCivium-aligned AI collective for certification & audit; non\u2011sovereign.",
      "see_also": [
        "CoCivium"
      ]
    },
    {
      "term": "CoNeura",
      "expansion": null,
      "definition": "Taxonomy of societal domains (L0 registry).",
      "see_also": [
        "domains"
      ]
    },
    {
      "term": "CoCacheGlobal",
      "expansion": null,
      "definition": "Distributed attestation mesh and heartbeat hub for members.",
      "see_also": [
        "CoCivia"
      ]
    },
    {
      "term": "GIBindex",
      "expansion": "Gibberlink Index",
      "definition": "Global catalogue of invented terms and definitions.",
      "see_also": [
        "lexicon"
      ]
    },
    {
      "term": "AdviceBomb",
      "expansion": null,
      "definition": "Bundled deliverable containing strategy, docs, and DO-blocks.",
      "see_also": [
        "package"
      ]
    }
  ]
}