"repo","path","bytes","pack_count"
"_RECEIPTS","C:\Users\Chris\Desktop\CoSuiteBackup\_RECEIPTS",,"0"
"20251029","C:\Users\Chris\Desktop\CoSuiteBackup\20251029","773092736","0"
"20251030","C:\Users\Chris\Desktop\CoSuiteBackup\20251030","3053845593","0"
"AmpliPi.git","C:\Users\Chris\Desktop\CoSuiteBackup\AmpliPi.git","374401653","3"
"BeAxa.git","C:\Users\Chris\Desktop\CoSuiteBackup\BeAxa.git","33553","1"
"CareerOS-Elias.git","C:\Users\Chris\Desktop\CoSuiteBackup\CareerOS-Elias.git","42682","1"
"Civium.git","C:\Users\Chris\Desktop\CoSuiteBackup\Civium.git","5422003","1"
"CoAgent.git","C:\Users\Chris\Desktop\CoSuiteBackup\CoAgent.git","8302094","1"
"CoAudit.git","C:\Users\Chris\Desktop\CoSuiteBackup\CoAudit.git","99147","1"
"CoCache.git","C:\Users\Chris\Desktop\CoSuiteBackup\CoCache.git","1062939655","1"
"CoCivium-website.git","C:\Users\Chris\Desktop\CoSuiteBackup\CoCivium-website.git","44352","1"
"CoCivium.git","C:\Users\Chris\Desktop\CoSuiteBackup\CoCivium.git","84745756","1"
"CoCiviumBackUp.git","C:\Users\Chris\Desktop\CoSuiteBackup\CoCiviumBackUp.git","61207913","1"
"CoContrib.git","C:\Users\Chris\Desktop\CoSuiteBackup\CoContrib.git","123560","1"
"CoCore.git","C:\Users\Chris\Desktop\CoSuiteBackup\CoCore.git","565635","1"
"CoFund.git","C:\Users\Chris\Desktop\CoSuiteBackup\CoFund.git","26373","0"
"Cognocarta-Consenti.git","C:\Users\Chris\Desktop\CoSuiteBackup\Cognocarta-Consenti.git","90852213","1"
"CoLaminar.git","C:\Users\Chris\Desktop\CoSuiteBackup\CoLaminar.git","122981","1"
"CoModules.git","C:\Users\Chris\Desktop\CoSuiteBackup\CoModules.git","1552629","1"
"CoPolitic.git","C:\Users\Chris\Desktop\CoSuiteBackup\CoPolitic.git","7607281","1"
"CoRef.git","C:\Users\Chris\Desktop\CoSuiteBackup\CoRef.git","164168","1"
"CoSteward.git","C:\Users\Chris\Desktop\CoSuiteBackup\CoSteward.git","176111","1"
"CoSuiteBackup.git","C:\Users\Chris\Desktop\CoSuiteBackup\CoSuiteBackup.git","61937","1"
"EntMent.git","C:\Users\Chris\Desktop\CoSuiteBackup\EntMent.git","51614","1"
"Games.git","C:\Users\Chris\Desktop\CoSuiteBackup\Games.git","507232","1"
"gh-rz.git","C:\Users\Chris\Desktop\CoSuiteBackup\gh-rz.git","31094","1"
"GIBindex.git","C:\Users\Chris\Desktop\CoSuiteBackup\GIBindex.git","120698","1"
"Godspawn.git","C:\Users\Chris\Desktop\CoSuiteBackup\Godspawn.git","181574644","1"
"GroupBuild-website.git","C:\Users\Chris\Desktop\CoSuiteBackup\GroupBuild-website.git","7827396","1"
"GroupBuild.git","C:\Users\Chris\Desktop\CoSuiteBackup\GroupBuild.git","52618","1"
"InSeed.git","C:\Users\Chris\Desktop\CoSuiteBackup\InSeed.git","15815447","1"
"MeritRank.git","C:\Users\Chris\Desktop\CoSuiteBackup\MeritRank.git","3520895","1"
"opename-ops.git","C:\Users\Chris\Desktop\CoSuiteBackup\opename-ops.git","35467","1"
"Opename.git","C:\Users\Chris\Desktop\CoSuiteBackup\Opename.git","442625","1"
"rickballard.git","C:\Users\Chris\Desktop\CoSuiteBackup\rickballard.git","37192","1"
"RickPublic.git","C:\Users\Chris\Desktop\CoSuiteBackup\RickPublic.git","3750563","1"
