"repo","file","sha256"
"AmpliPi.git","C:\Users\Chris\Desktop\CoSuiteBackup\AmpliPi.git\objects\pack\pack-4d3409a78065b45c2e0761ae66b6e8c6e68cfdd0.pack","71D07A24DACDBB41BA1719F070C65580CEF7B257AF2733673BEEF8D40F2C3CB6"
"AmpliPi.git","C:\Users\Chris\Desktop\CoSuiteBackup\AmpliPi.git\objects\pack\pack-a850ad9f8c1c0953d592c6b384bc7d01ddda9501.pack","29472C8D5FF2358AAC04E539253C05CA597A6701131675CADA7C68E7031B761F"
"AmpliPi.git","C:\Users\Chris\Desktop\CoSuiteBackup\AmpliPi.git\objects\pack\pack-e153f50e2e03bb7de014921e4fb2f454b88f12a7.pack","6C608C25AC38B9FF0BAAD61CAF465D3F7BAD58B3F40740947EF4786028FE25CB"
"BeAxa.git","C:\Users\Chris\Desktop\CoSuiteBackup\BeAxa.git\objects\pack\pack-398c3eabbff44e48dd405097b763292dba877d9d.pack","F3B0877A36CB631203FDB4280FC4B328884AAFC95B437AA2C159B1F91AC8B883"
"CareerOS-Elias.git","C:\Users\Chris\Desktop\CoSuiteBackup\CareerOS-Elias.git\objects\pack\pack-d1f9abccf7b5e009ff2cd1f82ccca95b9fa47456.pack","78DE7C384D1CDAA6AD58C2C2A175CAFB7B268B18CCD125E50569471969E93096"
"Civium.git","C:\Users\Chris\Desktop\CoSuiteBackup\Civium.git\objects\pack\pack-d849ac3559ac84dfd8575df93fa78d36ca2f4a7d.pack","678185176B82EE5506372252EF072FA9CD4EEC34D5FDB57C9A0D33DF35E80AD5"
"CoAgent.git","C:\Users\Chris\Desktop\CoSuiteBackup\CoAgent.git\objects\pack\pack-c6eeb22c4e7257ba47c0b6b305222031bf6a3f24.pack","42AF6656E7D9E0C9E7CEE5BBE395C1BFCC792298A80EACCFCB72B2EFF69E154E"
"CoAudit.git","C:\Users\Chris\Desktop\CoSuiteBackup\CoAudit.git\objects\pack\pack-9fe20b7a121a1afeb3509276520daa148c65a29d.pack","8E9B6312E0960C4D9C2E0A2662F4C1548E08E69DCBB88C23AC86927E44EDB2BE"
"CoCache.git","C:\Users\Chris\Desktop\CoSuiteBackup\CoCache.git\objects\pack\pack-99de0229438a1f9e7d208bb61c5b3b73b28f059e.pack","1AB8290B3F81B1F2B95E5EACCEF5F39C3AB886CB0CE89038CE2AAF29D628553B"
"CoCivium-website.git","C:\Users\Chris\Desktop\CoSuiteBackup\CoCivium-website.git\objects\pack\pack-f65edef884f04dd089fe04a7facc21129b8ef399.pack","E125F2129F8C3D7D043646201E61C80626E447A9A5CF7861D68255BA0765D44F"
"CoCivium.git","C:\Users\Chris\Desktop\CoSuiteBackup\CoCivium.git\objects\pack\pack-95a6909301cc1e4346473cf56c29065f2b323267.pack","5086D759505BDBFBC56ED5B6597B2FC5196194A582BC8F79C5A61D9C44DDF8E6"
"CoCiviumBackUp.git","C:\Users\Chris\Desktop\CoSuiteBackup\CoCiviumBackUp.git\objects\pack\pack-759890741b0378f0b3dceae15f5054b3550f3b65.pack","9F496671B6E2222458D87938D3024494D900F986152660FB6F6E92B458AFF831"
"CoContrib.git","C:\Users\Chris\Desktop\CoSuiteBackup\CoContrib.git\objects\pack\pack-f7fb9b7837c212b570d297a639e8fac55a1f3cca.pack","040ACF8ED8B809823B86A9ABB60399BEC65F05F9583E20B0D1AA0D538FDF2C2D"
"CoCore.git","C:\Users\Chris\Desktop\CoSuiteBackup\CoCore.git\objects\pack\pack-11a115438ddcfce0d7d1e2b74dda9eb2e08bebbe.pack","B31FAA0BE7F6B590E4C970704A8806FF2C8069D75C2C24B9F2736FA750B801C0"
"Cognocarta-Consenti.git","C:\Users\Chris\Desktop\CoSuiteBackup\Cognocarta-Consenti.git\objects\pack\pack-54b314d81deea86bab8bff327e78587dcf95a20b.pack","60FA78627F243B7EB74FC4AD420853DA06F97FD608F2A3D73FE2F5DD2947FFFD"
"CoLaminar.git","C:\Users\Chris\Desktop\CoSuiteBackup\CoLaminar.git\objects\pack\pack-d5e543082db6a5fc299ae399567cd55ffe1857b8.pack","9D9FC095CF0D46D78BED8AA1AC77BEFF4D51546B2CB203A50D92D51594ED751D"
"CoModules.git","C:\Users\Chris\Desktop\CoSuiteBackup\CoModules.git\objects\pack\pack-83d0a85331c7a35936d059ce44ada9843015e458.pack","2725D652DA22F1DA41FF1008A311FA221A46B224CD4CB74E390622D30F7A4CBB"
"CoPolitic.git","C:\Users\Chris\Desktop\CoSuiteBackup\CoPolitic.git\objects\pack\pack-cf264a643a8e4580dccaddd1c4e29322a9b274b5.pack","EC91FC15BD5C0E14F32B2E002224FCFB7804413F81C08034255316F1CD96A195"
"CoRef.git","C:\Users\Chris\Desktop\CoSuiteBackup\CoRef.git\objects\pack\pack-86c3d0a59fd0efe94bcc8dc04ac3f97cff6e0ad7.pack","86DA5D23B7360E9D90CFB83D6D6676D75675B11C9C81DB9BF53FDDD90CEF2DD2"
"CoSteward.git","C:\Users\Chris\Desktop\CoSuiteBackup\CoSteward.git\objects\pack\pack-22dddd9f199b6f817d1ac3f38d24fb65a3e26f19.pack","D182647C34E16004FE6ABA216BA9A9A9500A1F7C3DB803981C3ECDE88211F6E7"
"CoSuiteBackup.git","C:\Users\Chris\Desktop\CoSuiteBackup\CoSuiteBackup.git\objects\pack\pack-585bbafc9117eeec96ac0a0b70704195f37ba72e.pack","E0344EDDD4FC0E408AC199A943ECAB70F6AC704CE5A5FB754A2F702644B11A71"
"EntMent.git","C:\Users\Chris\Desktop\CoSuiteBackup\EntMent.git\objects\pack\pack-0a6f84209f3500dd5be7032a2a941cb58ed2b6ec.pack","F4261CE72204A9408F63F96C613FA6259BFE1BECD33A5BDE22BAE79AE5315A8E"
"Games.git","C:\Users\Chris\Desktop\CoSuiteBackup\Games.git\objects\pack\pack-0f692e694e512cbdc088b5e7f079928bd7e82ae2.pack","6D3989C91A5A621AB20134384F486DB0F722F2C13EBB430805200DE84F035BCD"
"gh-rz.git","C:\Users\Chris\Desktop\CoSuiteBackup\gh-rz.git\objects\pack\pack-a8fb321f44f788948a841a4286d829b0b802df18.pack","C263471E759433852954F90D0F53724DBD2FAB9109B417D23C15150980431E7B"
"GIBindex.git","C:\Users\Chris\Desktop\CoSuiteBackup\GIBindex.git\objects\pack\pack-6a538e851cbab8b0881540e096c9a8f6cee2f41f.pack","9C360D6A4BA1008FC8722A2941126E8EB228AC554CA21EC834E08A6A0A5FFA3D"
"Godspawn.git","C:\Users\Chris\Desktop\CoSuiteBackup\Godspawn.git\objects\pack\pack-9cd4dd679cf7ba0d3dc6a6463ccc4c336b02f7f0.pack","3D1DE867A71E4F49BA3698EDF5C818C5013CE2686C684F710AA3657B931190F1"
"GroupBuild-website.git","C:\Users\Chris\Desktop\CoSuiteBackup\GroupBuild-website.git\objects\pack\pack-e5d041e87d930a4ecb047115604510544e748538.pack","0437B5B213819B3B1EB95B15055EC9D6C5F46C6E4046B7CE80DA049F67AC0A8D"
"GroupBuild.git","C:\Users\Chris\Desktop\CoSuiteBackup\GroupBuild.git\objects\pack\pack-eae05eedc783cdac7ba4ac6aa46a18189c237a35.pack","DFF4F21ED4539B6EBDA17B7EBD3A834BC2C504998D9FAE09D2174C829070B053"
"InSeed.git","C:\Users\Chris\Desktop\CoSuiteBackup\InSeed.git\objects\pack\pack-ce8fd778f5dab2cac4b48f5c9b8ac485eb2581ca.pack","33EE144D682C01ED3C1F98C5BF1B1C49EA0B8CFEF64A6C366A143F8F89530A9B"
"MeritRank.git","C:\Users\Chris\Desktop\CoSuiteBackup\MeritRank.git\objects\pack\pack-95ba24433116275eb9cf62e840edf1fe41d1e995.pack","CAC18BF2BAAD7661A0859C6E929B560E7F777113C00CAEF9DA89D74036CAC975"
"opename-ops.git","C:\Users\Chris\Desktop\CoSuiteBackup\opename-ops.git\objects\pack\pack-f5abcd794478799d19ff62c9cec0dac8fdbdabc7.pack","ADF7986E9D8E57029E6821C8DF01009DA5AA3D6E299C3A80028B57A22EEF3394"
"Opename.git","C:\Users\Chris\Desktop\CoSuiteBackup\Opename.git\objects\pack\pack-75ab872049d78970e2c0e712e746a86dd225a8b1.pack","6C4ABD273E226D11C88651A120C3AEEAB8918BC94FB26E1613B80CD869DC3227"
"rickballard.git","C:\Users\Chris\Desktop\CoSuiteBackup\rickballard.git\objects\pack\pack-776ac3ac5c3442629fb442d516f2245035b68b40.pack","B2B7A62A01FF715721E46F9992130489F4AB7B100823AEA35DE37FD69BE98EF3"
"RickPublic.git","C:\Users\Chris\Desktop\CoSuiteBackup\RickPublic.git\objects\pack\pack-1562b7cc96bc3457cb7053c57465aa8c1c1af8ea.pack","056D86A3F2BF55B504C50236748B0782BFF563C4F72E3D0689FB3922610FF4C2"
